query_id,timestamp,original,statuscode,mimetype,wayback_url
best_capture_lookup,20190819164747,https://cwasteson.skolbloggen.se/,200,text/html,https://web.archive.org/web/20190819164747/https://cwasteson.skolbloggen.se/
best_capture_lookup,20100817215520,http://cwasteson.skolbloggen.se/2010/01/,200,text/html,https://web.archive.org/web/20100817215520/http://cwasteson.skolbloggen.se/2010/01/
best_capture_lookup,20130522203619,http://cwasteson.skolbloggen.se/2010/01/18/varfor-pedagogisk-dokumentation/,200,text/html,https://web.archive.org/web/20130522203619/http://cwasteson.skolbloggen.se/2010/01/18/varfor-pedagogisk-dokumentation/
best_capture_lookup,20100303001203,http://cwasteson.skolbloggen.se:80/2010/01/31/podsandning-skapar-mening/,200,text/html,https://web.archive.org/web/20100303001203/http://cwasteson.skolbloggen.se:80/2010/01/31/podsandning-skapar-mening/
best_capture_lookup,20100817215451,http://cwasteson.skolbloggen.se/2010/02/,200,text/html,https://web.archive.org/web/20100817215451/http://cwasteson.skolbloggen.se/2010/02/
best_capture_lookup,20100303001212,http://cwasteson.skolbloggen.se:80/2010/02/01/att-lara-sig-podsandning/,200,text/html,https://web.archive.org/web/20100303001212/http://cwasteson.skolbloggen.se:80/2010/02/01/att-lara-sig-podsandning/
best_capture_lookup,20100227062445,http://cwasteson.skolbloggen.se:80/2010/02/06/kallkritik-%E2%80%93-viktigare-an-nagonsin/,200,text/html,https://web.archive.org/web/20100227062445/http://cwasteson.skolbloggen.se:80/2010/02/06/kallkritik-%E2%80%93-viktigare-an-nagonsin/
best_capture_lookup,20100227062145,http://cwasteson.skolbloggen.se:80/2010/02/09/skriva-for-att-lara/,200,text/html,https://web.archive.org/web/20100227062145/http://cwasteson.skolbloggen.se:80/2010/02/09/skriva-for-att-lara/
best_capture_lookup,20100227062151,http://cwasteson.skolbloggen.se:80/2010/02/10/lamplighetstest-av-larare/,200,text/html,https://web.archive.org/web/20100227062151/http://cwasteson.skolbloggen.se:80/2010/02/10/lamplighetstest-av-larare/
best_capture_lookup,20100227062449,http://cwasteson.skolbloggen.se:80/2010/02/13/cheat-neutral/,200,text/html,https://web.archive.org/web/20100227062449/http://cwasteson.skolbloggen.se:80/2010/02/13/cheat-neutral/
best_capture_lookup,20100227062454,http://cwasteson.skolbloggen.se:80/2010/02/13/surfandet-stjal-tid-och-gor-dig-otalig/,200,text/html,https://web.archive.org/web/20100227062454/http://cwasteson.skolbloggen.se:80/2010/02/13/surfandet-stjal-tid-och-gor-dig-otalig/
best_capture_lookup,20100227062156,http://cwasteson.skolbloggen.se:80/2010/02/15/tips-nar-du-ska-skriva-texter-for-webben/,200,text/html,https://web.archive.org/web/20100227062156/http://cwasteson.skolbloggen.se:80/2010/02/15/tips-nar-du-ska-skriva-texter-for-webben/
best_capture_lookup,20100227062202,http://cwasteson.skolbloggen.se:80/2010/02/17/borde-vi-inte-alla-visa-tacksamhet/,200,text/html,https://web.archive.org/web/20100227062202/http://cwasteson.skolbloggen.se:80/2010/02/17/borde-vi-inte-alla-visa-tacksamhet/
best_capture_lookup,20100227062505,http://cwasteson.skolbloggen.se:80/2010/02/17/svenska-skrivregler-har-utvidgats/,200,text/html,https://web.archive.org/web/20100227062505/http://cwasteson.skolbloggen.se:80/2010/02/17/svenska-skrivregler-har-utvidgats/
best_capture_lookup,20100227062509,http://cwasteson.skolbloggen.se:80/2010/02/18/extra-tid-foder-kreativitet/,200,text/html,https://web.archive.org/web/20100227062509/http://cwasteson.skolbloggen.se:80/2010/02/18/extra-tid-foder-kreativitet/
best_capture_lookup,20100227041153,http://cwasteson.skolbloggen.se:80/2010/02/19/textvard/,200,text/html,https://web.archive.org/web/20100227041153/http://cwasteson.skolbloggen.se:80/2010/02/19/textvard/
best_capture_lookup,20100817215437,http://cwasteson.skolbloggen.se/2010/03/,200,text/html,https://web.archive.org/web/20100817215437/http://cwasteson.skolbloggen.se/2010/03/
best_capture_lookup,20100817215422,http://cwasteson.skolbloggen.se/2010/04/,200,text/html,https://web.archive.org/web/20100817215422/http://cwasteson.skolbloggen.se/2010/04/
best_capture_lookup,20100817215357,http://cwasteson.skolbloggen.se/2010/05/,200,text/html,https://web.archive.org/web/20100817215357/http://cwasteson.skolbloggen.se/2010/05/
best_capture_lookup,20100817215338,http://cwasteson.skolbloggen.se/2010/06/,200,text/html,https://web.archive.org/web/20100817215338/http://cwasteson.skolbloggen.se/2010/06/
best_capture_lookup,20100621114248,http://cwasteson.skolbloggen.se:80/2010/06/07/medier-i-undervisningen/,200,text/html,https://web.archive.org/web/20100621114248/http://cwasteson.skolbloggen.se:80/2010/06/07/medier-i-undervisningen/
best_capture_lookup,20100621114253,http://cwasteson.skolbloggen.se:80/2010/06/07/tips-nar-du-vill-dokumentera-ett-studiebesok/,200,text/html,https://web.archive.org/web/20100621114253/http://cwasteson.skolbloggen.se:80/2010/06/07/tips-nar-du-vill-dokumentera-ett-studiebesok/
best_capture_lookup,20100621114258,http://cwasteson.skolbloggen.se:80/2010/06/10/en-wiki-for-larare-pa-natet/,200,text/html,https://web.archive.org/web/20100621114258/http://cwasteson.skolbloggen.se:80/2010/06/10/en-wiki-for-larare-pa-natet/
best_capture_lookup,20100621120704,http://cwasteson.skolbloggen.se:80/2010/06/12/google-reader-bade-van-och-fiende/,200,text/html,https://web.archive.org/web/20100621120704/http://cwasteson.skolbloggen.se:80/2010/06/12/google-reader-bade-van-och-fiende/
best_capture_lookup,20100621120719,http://cwasteson.skolbloggen.se:80/2010/06/13/google-docs-for-fildelning-och-samarbete/,200,text/html,https://web.archive.org/web/20100621120719/http://cwasteson.skolbloggen.se:80/2010/06/13/google-docs-for-fildelning-och-samarbete/
best_capture_lookup,20100621120724,http://cwasteson.skolbloggen.se:80/2010/06/15/traffande-beskrivning-av-problemlosning/,200,text/html,https://web.archive.org/web/20100621120724/http://cwasteson.skolbloggen.se:80/2010/06/15/traffande-beskrivning-av-problemlosning/
best_capture_lookup,20100817215330,http://cwasteson.skolbloggen.se/2010/07/,200,text/html,https://web.archive.org/web/20100817215330/http://cwasteson.skolbloggen.se/2010/07/
best_capture_lookup,20100809185427,http://cwasteson.skolbloggen.se:80/2010/07/18/integritet-pa-internet/,200,text/html,https://web.archive.org/web/20100809185427/http://cwasteson.skolbloggen.se:80/2010/07/18/integritet-pa-internet/
best_capture_lookup,20100817215320,http://cwasteson.skolbloggen.se/2010/08/,200,text/html,https://web.archive.org/web/20100817215320/http://cwasteson.skolbloggen.se/2010/08/
best_capture_lookup,20120126044118,http://cwasteson.skolbloggen.se/2010/09/18/uppstramningen-framst-mot-de-svaga/,200,text/html,https://web.archive.org/web/20120126044118/http://cwasteson.skolbloggen.se/2010/09/18/uppstramningen-framst-mot-de-svaga/
best_capture_lookup,20120308021740,http://cwasteson.skolbloggen.se:80/2010/09/21/pippi-och-forebilder/,200,text/html,https://web.archive.org/web/20120308021740/http://cwasteson.skolbloggen.se:80/2010/09/21/pippi-och-forebilder/
best_capture_lookup,20120126051211,http://cwasteson.skolbloggen.se/2010/09/22/rwandas-kvinnor-far-allt-mer-makt/,200,text/html,https://web.archive.org/web/20120126051211/http://cwasteson.skolbloggen.se/2010/09/22/rwandas-kvinnor-far-allt-mer-makt/
best_capture_lookup,20120126044344,http://cwasteson.skolbloggen.se/2010/09/23/var-framtid-med-sverigedemokraterna/,200,text/html,https://web.archive.org/web/20120126044344/http://cwasteson.skolbloggen.se/2010/09/23/var-framtid-med-sverigedemokraterna/
best_capture_lookup,20120126081116,http://cwasteson.skolbloggen.se/2010/09/25/lashunger-kan-kopplas-till-stordad/,200,text/html,https://web.archive.org/web/20120126081116/http://cwasteson.skolbloggen.se/2010/09/25/lashunger-kan-kopplas-till-stordad/
best_capture_lookup,20120126042231,http://cwasteson.skolbloggen.se/2010/10/06/vi-lar-som-vi-lever/,200,text/html,https://web.archive.org/web/20120126042231/http://cwasteson.skolbloggen.se/2010/10/06/vi-lar-som-vi-lever/
best_capture_lookup,20120126091856,http://cwasteson.skolbloggen.se/2010/11/02/ta-tillvara-fordelarna-och-undvik-fallgroparna/,200,text/html,https://web.archive.org/web/20120126091856/http://cwasteson.skolbloggen.se/2010/11/02/ta-tillvara-fordelarna-och-undvik-fallgroparna/
best_capture_lookup,20170128144647,http://cwasteson.skolbloggen.se/2011/04/13/1496/,200,text/html,https://web.archive.org/web/20170128144647/http://cwasteson.skolbloggen.se/2011/04/13/1496/
best_capture_lookup,20120126060026,http://cwasteson.skolbloggen.se/2011/04/29/en-forfarlig-paskhelg-pa-osterlen/,200,text/html,https://web.archive.org/web/20120126060026/http://cwasteson.skolbloggen.se/2011/04/29/en-forfarlig-paskhelg-pa-osterlen/
best_capture_lookup,20190819164826,https://cwasteson.skolbloggen.se/2011/09/28/nu-skriver-jag-dar-istallet/,200,text/html,https://web.archive.org/web/20190819164826/https://cwasteson.skolbloggen.se/2011/09/28/nu-skriver-jag-dar-istallet/
best_capture_lookup,20120126082431,http://cwasteson.skolbloggen.se/category/bokpresentation/,200,text/html,https://web.archive.org/web/20120126082431/http://cwasteson.skolbloggen.se/category/bokpresentation/
best_capture_lookup,20100820163128,http://cwasteson.skolbloggen.se/category/bokpresentation/feed/,200,text/xml,https://web.archive.org/web/20100820163128/http://cwasteson.skolbloggen.se/category/bokpresentation/feed/
best_capture_lookup,20120126003704,http://cwasteson.skolbloggen.se/category/forskning/,200,text/html,https://web.archive.org/web/20120126003704/http://cwasteson.skolbloggen.se/category/forskning/
best_capture_lookup,20100821093801,http://cwasteson.skolbloggen.se/category/forskning/feed/,200,text/xml,https://web.archive.org/web/20100821093801/http://cwasteson.skolbloggen.se/category/forskning/feed/
best_capture_lookup,20120303061801,http://cwasteson.skolbloggen.se:80/category/funderingar/,200,text/html,https://web.archive.org/web/20120303061801/http://cwasteson.skolbloggen.se:80/category/funderingar/
best_capture_lookup,20100820163155,http://cwasteson.skolbloggen.se/category/funderingar/feed/,200,text/xml,https://web.archive.org/web/20100820163155/http://cwasteson.skolbloggen.se/category/funderingar/feed/
best_capture_lookup,20120126030735,http://cwasteson.skolbloggen.se/category/internet/,200,text/html,https://web.archive.org/web/20120126030735/http://cwasteson.skolbloggen.se/category/internet/
best_capture_lookup,20100820163102,http://cwasteson.skolbloggen.se/category/internet/feed/,200,text/xml,https://web.archive.org/web/20100820163102/http://cwasteson.skolbloggen.se/category/internet/feed/
best_capture_lookup,20100820163012,http://cwasteson.skolbloggen.se/category/okategoriserad/,200,text/html,https://web.archive.org/web/20100820163012/http://cwasteson.skolbloggen.se/category/okategoriserad/
best_capture_lookup,20100820163025,http://cwasteson.skolbloggen.se/category/okategoriserad/feed/,200,text/xml,https://web.archive.org/web/20100820163025/http://cwasteson.skolbloggen.se/category/okategoriserad/feed/
best_capture_lookup,20100821011727,http://cwasteson.skolbloggen.se/category/pim/,200,text/html,https://web.archive.org/web/20100821011727/http://cwasteson.skolbloggen.se/category/pim/
best_capture_lookup,20100821011742,http://cwasteson.skolbloggen.se/category/pim/feed/,200,text/xml,https://web.archive.org/web/20100821011742/http://cwasteson.skolbloggen.se/category/pim/feed/
best_capture_lookup,20120308033303,http://cwasteson.skolbloggen.se:80/category/utbildning/,200,text/html,https://web.archive.org/web/20120308033303/http://cwasteson.skolbloggen.se:80/category/utbildning/
best_capture_lookup,20100820163228,http://cwasteson.skolbloggen.se/category/utbildning/feed/,200,text/xml,https://web.archive.org/web/20100820163228/http://cwasteson.skolbloggen.se/category/utbildning/feed/
best_capture_lookup,20120126035759,http://cwasteson.skolbloggen.se/comments/feed/,200,text/xml,https://web.archive.org/web/20120126035759/http://cwasteson.skolbloggen.se/comments/feed/
best_capture_lookup,20190128094810,https://cwasteson.skolbloggen.se/favicon.ico,200,text/html,https://web.archive.org/web/20190128094810/https://cwasteson.skolbloggen.se/favicon.ico
best_capture_lookup,20180329150724,http://cwasteson.skolbloggen.se/feed/,200,application/rss+xml,https://web.archive.org/web/20180329150724/http://cwasteson.skolbloggen.se/feed/
best_capture_lookup,20100817215131,http://cwasteson.skolbloggen.se/feed/atom/,200,application/atom+xml,https://web.archive.org/web/20100817215131/http://cwasteson.skolbloggen.se/feed/atom/
best_capture_lookup,20100817215122,http://cwasteson.skolbloggen.se/feed/rss/,200,text/xml,https://web.archive.org/web/20100817215122/http://cwasteson.skolbloggen.se/feed/rss/
best_capture_lookup,20160130181649,http://cwasteson.skolbloggen.se/files/2010/01/Anita-Mattsson-150x150.jpg,200,image/jpeg,https://web.archive.org/web/20160130181649/http://cwasteson.skolbloggen.se/files/2010/01/Anita-Mattsson-150x150.jpg
best_capture_lookup,20160130224437,http://cwasteson.skolbloggen.se/files/2010/01/Ellmin-och-Ellmin.jpg,200,image/jpeg,https://web.archive.org/web/20160130224437/http://cwasteson.skolbloggen.se/files/2010/01/Ellmin-och-Ellmin.jpg
best_capture_lookup,20160130224441,http://cwasteson.skolbloggen.se/files/2010/01/digital-portfolio-osterlund1-150x150.jpg,200,image/jpeg,https://web.archive.org/web/20160130224441/http://cwasteson.skolbloggen.se/files/2010/01/digital-portfolio-osterlund1-150x150.jpg
best_capture_lookup,20160130163055,http://cwasteson.skolbloggen.se/files/2010/01/mindre-version-till-blogg1-150x150.jpg,200,image/jpeg,https://web.archive.org/web/20160130163055/http://cwasteson.skolbloggen.se/files/2010/01/mindre-version-till-blogg1-150x150.jpg
best_capture_lookup,20100821010244,http://cwasteson.skolbloggen.se/files/2010/01/till-bloggen-taguchi1-150x150.jpg,200,image/jpeg,https://web.archive.org/web/20100821010244/http://cwasteson.skolbloggen.se/files/2010/01/till-bloggen-taguchi1-150x150.jpg
best_capture_lookup,20120126013804,http://cwasteson.skolbloggen.se/om/,200,text/html,https://web.archive.org/web/20120126013804/http://cwasteson.skolbloggen.se/om/
best_capture_lookup,20100821003554,http://cwasteson.skolbloggen.se/om/feed/,200,text/xml,https://web.archive.org/web/20100821003554/http://cwasteson.skolbloggen.se/om/feed/
best_capture_lookup,20120126045337,http://cwasteson.skolbloggen.se/page/2/,200,text/html,https://web.archive.org/web/20120126045337/http://cwasteson.skolbloggen.se/page/2/
best_capture_lookup,20170704113908,http://cwasteson.skolbloggen.se:80/page/6/,200,text/html,https://web.archive.org/web/20170704113908/http://cwasteson.skolbloggen.se:80/page/6/
best_capture_lookup,20190131190847,https://cwasteson.skolbloggen.se/robots.txt,200,text/html,https://web.archive.org/web/20190131190847/https://cwasteson.skolbloggen.se/robots.txt
best_capture_lookup,20100821100126,http://cwasteson.skolbloggen.se/tag/affarside/,200,text/html,https://web.archive.org/web/20100821100126/http://cwasteson.skolbloggen.se/tag/affarside/
best_capture_lookup,20100821100136,http://cwasteson.skolbloggen.se/tag/affarside/feed/,200,text/xml,https://web.archive.org/web/20100821100136/http://cwasteson.skolbloggen.se/tag/affarside/feed/
best_capture_lookup,20100821091747,http://cwasteson.skolbloggen.se/tag/aktivitetshanteraren/,200,text/html,https://web.archive.org/web/20100821091747/http://cwasteson.skolbloggen.se/tag/aktivitetshanteraren/
best_capture_lookup,20100821091758,http://cwasteson.skolbloggen.se/tag/aktivitetshanteraren/feed/,200,text/xml,https://web.archive.org/web/20100821091758/http://cwasteson.skolbloggen.se/tag/aktivitetshanteraren/feed/
best_capture_lookup,20100821094237,http://cwasteson.skolbloggen.se/tag/amneskunskaper/,200,text/html,https://web.archive.org/web/20100821094237/http://cwasteson.skolbloggen.se/tag/amneskunskaper/
best_capture_lookup,20100821094250,http://cwasteson.skolbloggen.se/tag/amneskunskaper/feed/,200,text/xml,https://web.archive.org/web/20100821094250/http://cwasteson.skolbloggen.se/tag/amneskunskaper/feed/
best_capture_lookup,20120126061934,http://cwasteson.skolbloggen.se/tag/animoto/,200,text/html,https://web.archive.org/web/20120126061934/http://cwasteson.skolbloggen.se/tag/animoto/
best_capture_lookup,20100821004821,http://cwasteson.skolbloggen.se/tag/animoto/feed/,200,text/xml,https://web.archive.org/web/20100821004821/http://cwasteson.skolbloggen.se/tag/animoto/feed/
best_capture_lookup,20100303002335,http://cwasteson.skolbloggen.se:80/tag/anita-mattsson/,200,text/html,https://web.archive.org/web/20100303002335/http://cwasteson.skolbloggen.se:80/tag/anita-mattsson/
best_capture_lookup,20120126055924,http://cwasteson.skolbloggen.se/tag/anvandbarhet/,200,text/html,https://web.archive.org/web/20120126055924/http://cwasteson.skolbloggen.se/tag/anvandbarhet/
best_capture_lookup,20100821004910,http://cwasteson.skolbloggen.se/tag/anvandbarhet/feed/,200,text/xml,https://web.archive.org/web/20100821004910/http://cwasteson.skolbloggen.se/tag/anvandbarhet/feed/
best_capture_lookup,20100821092417,http://cwasteson.skolbloggen.se/tag/asteni/,200,text/html,https://web.archive.org/web/20100821092417/http://cwasteson.skolbloggen.se/tag/asteni/
best_capture_lookup,20100821092427,http://cwasteson.skolbloggen.se/tag/asteni/feed/,200,text/xml,https://web.archive.org/web/20100821092427/http://cwasteson.skolbloggen.se/tag/asteni/feed/
best_capture_lookup,20100821095641,http://cwasteson.skolbloggen.se/tag/attityd/,200,text/html,https://web.archive.org/web/20100821095641/http://cwasteson.skolbloggen.se/tag/attityd/
best_capture_lookup,20100821095650,http://cwasteson.skolbloggen.se/tag/attityd/feed/,200,text/xml,https://web.archive.org/web/20100821095650/http://cwasteson.skolbloggen.se/tag/attityd/feed/
best_capture_lookup,20100305030139,http://cwasteson.skolbloggen.se:80/tag/avhandling/,200,text/html,https://web.archive.org/web/20100305030139/http://cwasteson.skolbloggen.se:80/tag/avhandling/
best_capture_lookup,20100821092632,http://cwasteson.skolbloggen.se/tag/begripligt/,200,text/html,https://web.archive.org/web/20100821092632/http://cwasteson.skolbloggen.se/tag/begripligt/
best_capture_lookup,20100821092647,http://cwasteson.skolbloggen.se/tag/begripligt/feed/,200,text/xml,https://web.archive.org/web/20100821092647/http://cwasteson.skolbloggen.se/tag/begripligt/feed/
best_capture_lookup,20100821093423,http://cwasteson.skolbloggen.se/tag/beskrivning/,200,text/html,https://web.archive.org/web/20100821093423/http://cwasteson.skolbloggen.se/tag/beskrivning/
best_capture_lookup,20100821093436,http://cwasteson.skolbloggen.se/tag/beskrivning/feed/,200,text/xml,https://web.archive.org/web/20100821093436/http://cwasteson.skolbloggen.se/tag/beskrivning/feed/
best_capture_lookup,20100821092458,http://cwasteson.skolbloggen.se/tag/beslut/,200,text/html,https://web.archive.org/web/20100821092458/http://cwasteson.skolbloggen.se/tag/beslut/
best_capture_lookup,20100821092517,http://cwasteson.skolbloggen.se/tag/beslut/feed/,200,text/xml,https://web.archive.org/web/20100821092517/http://cwasteson.skolbloggen.se/tag/beslut/feed/
best_capture_lookup,20100821092526,http://cwasteson.skolbloggen.se/tag/beslutsangest/,200,text/html,https://web.archive.org/web/20100821092526/http://cwasteson.skolbloggen.se/tag/beslutsangest/
best_capture_lookup,20100821092539,http://cwasteson.skolbloggen.se/tag/beslutsangest/feed/,200,text/xml,https://web.archive.org/web/20100821092539/http://cwasteson.skolbloggen.se/tag/beslutsangest/feed/
best_capture_lookup,20120126024538,http://cwasteson.skolbloggen.se/tag/betygskriterier/,200,text/html,https://web.archive.org/web/20120126024538/http://cwasteson.skolbloggen.se/tag/betygskriterier/
best_capture_lookup,20100821004937,http://cwasteson.skolbloggen.se/tag/betygskriterier/feed/,200,text/xml,https://web.archive.org/web/20100821004937/http://cwasteson.skolbloggen.se/tag/betygskriterier/feed/
best_capture_lookup,20100821093116,http://cwasteson.skolbloggen.se/tag/bibliotek/,200,text/html,https://web.archive.org/web/20100821093116/http://cwasteson.skolbloggen.se/tag/bibliotek/
best_capture_lookup,20100821093130,http://cwasteson.skolbloggen.se/tag/bibliotek/feed/,200,text/xml,https://web.archive.org/web/20100821093130/http://cwasteson.skolbloggen.se/tag/bibliotek/feed/
best_capture_lookup,20100821091408,http://cwasteson.skolbloggen.se/tag/big-huge-labs/,200,text/html,https://web.archive.org/web/20100821091408/http://cwasteson.skolbloggen.se/tag/big-huge-labs/
best_capture_lookup,20100821091424,http://cwasteson.skolbloggen.se/tag/big-huge-labs/feed/,200,text/xml,https://web.archive.org/web/20100821091424/http://cwasteson.skolbloggen.se/tag/big-huge-labs/feed/
best_capture_lookup,20120126073729,http://cwasteson.skolbloggen.se/tag/bild/,200,text/html,https://web.archive.org/web/20120126073729/http://cwasteson.skolbloggen.se/tag/bild/
best_capture_lookup,20100821005004,http://cwasteson.skolbloggen.se/tag/bild/feed/,200,text/xml,https://web.archive.org/web/20100821005004/http://cwasteson.skolbloggen.se/tag/bild/feed/
best_capture_lookup,20100821091459,http://cwasteson.skolbloggen.se/tag/bildmosaik/,200,text/html,https://web.archive.org/web/20100821091459/http://cwasteson.skolbloggen.se/tag/bildmosaik/
best_capture_lookup,20100821091516,http://cwasteson.skolbloggen.se/tag/bildmosaik/feed/,200,text/xml,https://web.archive.org/web/20100821091516/http://cwasteson.skolbloggen.se/tag/bildmosaik/feed/
best_capture_lookup,20100821011754,http://cwasteson.skolbloggen.se/tag/bildredigering/,200,text/html,https://web.archive.org/web/20100821011754/http://cwasteson.skolbloggen.se/tag/bildredigering/
best_capture_lookup,20100821011807,http://cwasteson.skolbloggen.se/tag/bildredigering/feed/,200,text/xml,https://web.archive.org/web/20100821011807/http://cwasteson.skolbloggen.se/tag/bildredigering/feed/
best_capture_lookup,20120126092858,http://cwasteson.skolbloggen.se/tag/blip-tv/,200,text/html,https://web.archive.org/web/20120126092858/http://cwasteson.skolbloggen.se/tag/blip-tv/
best_capture_lookup,20100820163407,http://cwasteson.skolbloggen.se/tag/blip-tv/feed/,200,text/xml,https://web.archive.org/web/20100820163407/http://cwasteson.skolbloggen.se/tag/blip-tv/feed/
best_capture_lookup,20120126015839,http://cwasteson.skolbloggen.se/tag/blogg/,200,text/html,https://web.archive.org/web/20120126015839/http://cwasteson.skolbloggen.se/tag/blogg/
best_capture_lookup,20100820163536,http://cwasteson.skolbloggen.se/tag/blogg/feed/,200,text/xml,https://web.archive.org/web/20100820163536/http://cwasteson.skolbloggen.se/tag/blogg/feed/
best_capture_lookup,20100820163555,http://cwasteson.skolbloggen.se/tag/blogger/,200,text/html,https://web.archive.org/web/20100820163555/http://cwasteson.skolbloggen.se/tag/blogger/
best_capture_lookup,20100820163609,http://cwasteson.skolbloggen.se/tag/blogger/feed/,200,text/xml,https://web.archive.org/web/20100820163609/http://cwasteson.skolbloggen.se/tag/blogger/feed/
best_capture_lookup,20120126024506,http://cwasteson.skolbloggen.se/tag/bodil-jonsson/,200,text/html,https://web.archive.org/web/20120126024506/http://cwasteson.skolbloggen.se/tag/bodil-jonsson/
best_capture_lookup,20120126011010,http://cwasteson.skolbloggen.se/tag/bokpresentation/,200,text/html,https://web.archive.org/web/20120126011010/http://cwasteson.skolbloggen.se/tag/bokpresentation/
best_capture_lookup,20100821005028,http://cwasteson.skolbloggen.se/tag/bokpresentation/feed/,200,text/xml,https://web.archive.org/web/20100821005028/http://cwasteson.skolbloggen.se/tag/bokpresentation/feed/
best_capture_lookup,20100821095437,http://cwasteson.skolbloggen.se/tag/bruksprosa/,200,text/html,https://web.archive.org/web/20100821095437/http://cwasteson.skolbloggen.se/tag/bruksprosa/
best_capture_lookup,20100821095452,http://cwasteson.skolbloggen.se/tag/bruksprosa/feed/,200,text/xml,https://web.archive.org/web/20100821095452/http://cwasteson.skolbloggen.se/tag/bruksprosa/feed/
best_capture_lookup,20100821093813,http://cwasteson.skolbloggen.se/tag/centrum-for-livsstilsfragor/,200,text/html,https://web.archive.org/web/20100821093813/http://cwasteson.skolbloggen.se/tag/centrum-for-livsstilsfragor/
best_capture_lookup,20100821093827,http://cwasteson.skolbloggen.se/tag/centrum-for-livsstilsfragor/feed/,200,text/xml,https://web.archive.org/web/20100821093827/http://cwasteson.skolbloggen.se/tag/centrum-for-livsstilsfragor/feed/
best_capture_lookup,20100821094932,http://cwasteson.skolbloggen.se/tag/cicero/,200,text/html,https://web.archive.org/web/20100821094932/http://cwasteson.skolbloggen.se/tag/cicero/
best_capture_lookup,20100821094944,http://cwasteson.skolbloggen.se/tag/cicero/feed/,200,text/xml,https://web.archive.org/web/20100821094944/http://cwasteson.skolbloggen.se/tag/cicero/feed/
best_capture_lookup,20100824213524,http://cwasteson.skolbloggen.se/tag/dag-osterlund/,200,text/html,https://web.archive.org/web/20100824213524/http://cwasteson.skolbloggen.se/tag/dag-osterlund/
best_capture_lookup,20100824213536,http://cwasteson.skolbloggen.se/tag/dag-osterlund/feed/,200,text/xml,https://web.archive.org/web/20100824213536/http://cwasteson.skolbloggen.se/tag/dag-osterlund/feed/
best_capture_lookup,20100821093147,http://cwasteson.skolbloggen.se/tag/databaser/,200,text/html,https://web.archive.org/web/20100821093147/http://cwasteson.skolbloggen.se/tag/databaser/
best_capture_lookup,20100821093202,http://cwasteson.skolbloggen.se/tag/databaser/feed/,200,text/xml,https://web.archive.org/web/20100821093202/http://cwasteson.skolbloggen.se/tag/databaser/feed/
best_capture_lookup,20120126024522,http://cwasteson.skolbloggen.se/tag/datoranvandning/,200,text/html,https://web.archive.org/web/20120126024522/http://cwasteson.skolbloggen.se/tag/datoranvandning/
best_capture_lookup,20100821005053,http://cwasteson.skolbloggen.se/tag/datoranvandning/feed/,200,text/xml,https://web.archive.org/web/20100821005053/http://cwasteson.skolbloggen.se/tag/datoranvandning/feed/
best_capture_lookup,20100821092659,http://cwasteson.skolbloggen.se/tag/demokrati/,200,text/html,https://web.archive.org/web/20100821092659/http://cwasteson.skolbloggen.se/tag/demokrati/
best_capture_lookup,20100821092713,http://cwasteson.skolbloggen.se/tag/demokrati/feed/,200,text/xml,https://web.archive.org/web/20100821092713/http://cwasteson.skolbloggen.se/tag/demokrati/feed/
best_capture_lookup,20120126050334,http://cwasteson.skolbloggen.se/tag/digital-kompetens/,200,text/html,https://web.archive.org/web/20120126050334/http://cwasteson.skolbloggen.se/tag/digital-kompetens/
best_capture_lookup,20100821005119,http://cwasteson.skolbloggen.se/tag/digital-kompetens/feed/,200,text/xml,https://web.archive.org/web/20100821005119/http://cwasteson.skolbloggen.se/tag/digital-kompetens/feed/
best_capture_lookup,20120126091949,http://cwasteson.skolbloggen.se/tag/digital-portfolio/,200,text/html,https://web.archive.org/web/20120126091949/http://cwasteson.skolbloggen.se/tag/digital-portfolio/
best_capture_lookup,20100821005151,http://cwasteson.skolbloggen.se/tag/digital-portfolio/feed/,200,text/xml,https://web.archive.org/web/20100821005151/http://cwasteson.skolbloggen.se/tag/digital-portfolio/feed/
best_capture_lookup,20100824211650,http://cwasteson.skolbloggen.se/tag/diskussionsforum/,200,text/html,https://web.archive.org/web/20100824211650/http://cwasteson.skolbloggen.se/tag/diskussionsforum/
best_capture_lookup,20100824211705,http://cwasteson.skolbloggen.se/tag/diskussionsforum/feed/,200,text/xml,https://web.archive.org/web/20100824211705/http://cwasteson.skolbloggen.se/tag/diskussionsforum/feed/
best_capture_lookup,20120126052959,http://cwasteson.skolbloggen.se/tag/distansutbildning/,200,text/html,https://web.archive.org/web/20120126052959/http://cwasteson.skolbloggen.se/tag/distansutbildning/
best_capture_lookup,20100821005227,http://cwasteson.skolbloggen.se/tag/distansutbildning/feed/,200,text/xml,https://web.archive.org/web/20100821005227/http://cwasteson.skolbloggen.se/tag/distansutbildning/feed/
best_capture_lookup,20120126070223,http://cwasteson.skolbloggen.se/tag/distribution/,200,text/html,https://web.archive.org/web/20120126070223/http://cwasteson.skolbloggen.se/tag/distribution/
best_capture_lookup,20100821005301,http://cwasteson.skolbloggen.se/tag/distribution/feed/,200,text/xml,https://web.archive.org/web/20100821005301/http://cwasteson.skolbloggen.se/tag/distribution/feed/
best_capture_lookup,20100821011529,http://cwasteson.skolbloggen.se/tag/dokument/,200,text/html,https://web.archive.org/web/20100821011529/http://cwasteson.skolbloggen.se/tag/dokument/
best_capture_lookup,20100821011543,http://cwasteson.skolbloggen.se/tag/dokument/feed/,200,text/xml,https://web.archive.org/web/20100821011543/http://cwasteson.skolbloggen.se/tag/dokument/feed/
best_capture_lookup,20120126090019,http://cwasteson.skolbloggen.se/tag/dokumentation/,200,text/html,https://web.archive.org/web/20120126090019/http://cwasteson.skolbloggen.se/tag/dokumentation/
best_capture_lookup,20100821005625,http://cwasteson.skolbloggen.se/tag/dokumentation/feed/,200,text/xml,https://web.archive.org/web/20100821005625/http://cwasteson.skolbloggen.se/tag/dokumentation/feed/
best_capture_lookup,20100821095821,http://cwasteson.skolbloggen.se/tag/dunkels/,200,text/html,https://web.archive.org/web/20100821095821/http://cwasteson.skolbloggen.se/tag/dunkels/
best_capture_lookup,20100821095837,http://cwasteson.skolbloggen.se/tag/dunkels/feed/,200,text/xml,https://web.archive.org/web/20100821095837/http://cwasteson.skolbloggen.se/tag/dunkels/feed/
best_capture_lookup,20100821100235,http://cwasteson.skolbloggen.se/tag/dysthe/,200,text/html,https://web.archive.org/web/20100821100235/http://cwasteson.skolbloggen.se/tag/dysthe/
best_capture_lookup,20100821100249,http://cwasteson.skolbloggen.se/tag/dysthe/feed/,200,text/xml,https://web.archive.org/web/20100821100249/http://cwasteson.skolbloggen.se/tag/dysthe/feed/
best_capture_lookup,20100821093212,http://cwasteson.skolbloggen.se/tag/e-bocker/,200,text/html,https://web.archive.org/web/20100821093212/http://cwasteson.skolbloggen.se/tag/e-bocker/
best_capture_lookup,20100821093226,http://cwasteson.skolbloggen.se/tag/e-bocker/feed/,200,text/xml,https://web.archive.org/web/20100821093226/http://cwasteson.skolbloggen.se/tag/e-bocker/feed/
best_capture_lookup,20100821095217,http://cwasteson.skolbloggen.se/tag/e-post/,200,text/html,https://web.archive.org/web/20100821095217/http://cwasteson.skolbloggen.se/tag/e-post/
best_capture_lookup,20100821095230,http://cwasteson.skolbloggen.se/tag/e-post/feed/,200,text/xml,https://web.archive.org/web/20100821095230/http://cwasteson.skolbloggen.se/tag/e-post/feed/
best_capture_lookup,20100821095154,http://cwasteson.skolbloggen.se/tag/e/,200,text/html,https://web.archive.org/web/20100821095154/http://cwasteson.skolbloggen.se/tag/e/
best_capture_lookup,20100821095205,http://cwasteson.skolbloggen.se/tag/e/feed/,200,text/xml,https://web.archive.org/web/20100821095205/http://cwasteson.skolbloggen.se/tag/e/feed/
best_capture_lookup,20120126043608,http://cwasteson.skolbloggen.se/tag/ellmin/,200,text/html,https://web.archive.org/web/20120126043608/http://cwasteson.skolbloggen.se/tag/ellmin/
best_capture_lookup,20100821005650,http://cwasteson.skolbloggen.se/tag/ellmin/feed/,200,text/xml,https://web.archive.org/web/20100821005650/http://cwasteson.skolbloggen.se/tag/ellmin/feed/
best_capture_lookup,20100821092000,http://cwasteson.skolbloggen.se/tag/ergonomi/,200,text/html,https://web.archive.org/web/20100821092000/http://cwasteson.skolbloggen.se/tag/ergonomi/
best_capture_lookup,20100821092013,http://cwasteson.skolbloggen.se/tag/ergonomi/feed/,200,text/xml,https://web.archive.org/web/20100821092013/http://cwasteson.skolbloggen.se/tag/ergonomi/feed/
best_capture_lookup,20100821095240,http://cwasteson.skolbloggen.se/tag/facebook/,200,text/html,https://web.archive.org/web/20100821095240/http://cwasteson.skolbloggen.se/tag/facebook/
best_capture_lookup,20100821095254,http://cwasteson.skolbloggen.se/tag/facebook/feed/,200,text/xml,https://web.archive.org/web/20100821095254/http://cwasteson.skolbloggen.se/tag/facebook/feed/
best_capture_lookup,20100821093838,http://cwasteson.skolbloggen.se/tag/familj/,200,text/html,https://web.archive.org/web/20100821093838/http://cwasteson.skolbloggen.se/tag/familj/
best_capture_lookup,20100821093849,http://cwasteson.skolbloggen.se/tag/familj/feed/,200,text/xml,https://web.archive.org/web/20100821093849/http://cwasteson.skolbloggen.se/tag/familj/feed/
best_capture_lookup,20100821094301,http://cwasteson.skolbloggen.se/tag/fardighet/,200,text/html,https://web.archive.org/web/20100821094301/http://cwasteson.skolbloggen.se/tag/fardighet/
best_capture_lookup,20100821094314,http://cwasteson.skolbloggen.se/tag/fardighet/feed/,200,text/xml,https://web.archive.org/web/20100821094314/http://cwasteson.skolbloggen.se/tag/fardighet/feed/
best_capture_lookup,20100821091808,http://cwasteson.skolbloggen.se/tag/filandelser/,200,text/html,https://web.archive.org/web/20100821091808/http://cwasteson.skolbloggen.se/tag/filandelser/
best_capture_lookup,20100821091820,http://cwasteson.skolbloggen.se/tag/filandelser/feed/,200,text/xml,https://web.archive.org/web/20100821091820/http://cwasteson.skolbloggen.se/tag/filandelser/feed/
best_capture_lookup,20120126020148,http://cwasteson.skolbloggen.se/tag/film/,200,text/html,https://web.archive.org/web/20120126020148/http://cwasteson.skolbloggen.se/tag/film/
best_capture_lookup,20100821005716,http://cwasteson.skolbloggen.se/tag/film/feed/,200,text/xml,https://web.archive.org/web/20100821005716/http://cwasteson.skolbloggen.se/tag/film/feed/
best_capture_lookup,20100821092026,http://cwasteson.skolbloggen.se/tag/flash/,200,text/html,https://web.archive.org/web/20100821092026/http://cwasteson.skolbloggen.se/tag/flash/
best_capture_lookup,20100821092038,http://cwasteson.skolbloggen.se/tag/flash/feed/,200,text/xml,https://web.archive.org/web/20100821092038/http://cwasteson.skolbloggen.se/tag/flash/feed/
best_capture_lookup,20120126072108,http://cwasteson.skolbloggen.se/tag/flickr/,200,text/html,https://web.archive.org/web/20120126072108/http://cwasteson.skolbloggen.se/tag/flickr/
best_capture_lookup,20100821005740,http://cwasteson.skolbloggen.se/tag/flickr/feed/,200,text/xml,https://web.archive.org/web/20100821005740/http://cwasteson.skolbloggen.se/tag/flickr/feed/
best_capture_lookup,20100821092100,http://cwasteson.skolbloggen.se/tag/fonsterhantering/feed/,200,text/xml,https://web.archive.org/web/20100821092100/http://cwasteson.skolbloggen.se/tag/fonsterhantering/feed/
best_capture_lookup,20100821092237,http://cwasteson.skolbloggen.se/tag/forlatelse/,200,text/html,https://web.archive.org/web/20100821092237/http://cwasteson.skolbloggen.se/tag/forlatelse/
best_capture_lookup,20100821092250,http://cwasteson.skolbloggen.se/tag/forlatelse/feed/,200,text/xml,https://web.archive.org/web/20100821092250/http://cwasteson.skolbloggen.se/tag/forlatelse/feed/
best_capture_lookup,20100821095008,http://cwasteson.skolbloggen.se/tag/forskning/feed/,200,text/xml,https://web.archive.org/web/20100821095008/http://cwasteson.skolbloggen.se/tag/forskning/feed/
best_capture_lookup,20100821095720,http://cwasteson.skolbloggen.se/tag/forteckningar/,200,text/html,https://web.archive.org/web/20100821095720/http://cwasteson.skolbloggen.se/tag/forteckningar/
best_capture_lookup,20120126085713,http://cwasteson.skolbloggen.se/tag/foto/,200,text/html,https://web.archive.org/web/20120126085713/http://cwasteson.skolbloggen.se/tag/foto/
best_capture_lookup,20100821005807,http://cwasteson.skolbloggen.se/tag/foto/feed/,200,text/xml,https://web.archive.org/web/20100821005807/http://cwasteson.skolbloggen.se/tag/foto/feed/
best_capture_lookup,20100821093903,http://cwasteson.skolbloggen.se/tag/framtidsvision/,200,text/html,https://web.archive.org/web/20100821093903/http://cwasteson.skolbloggen.se/tag/framtidsvision/
best_capture_lookup,20100821093916,http://cwasteson.skolbloggen.se/tag/framtidsvision/feed/,200,text/xml,https://web.archive.org/web/20100821093916/http://cwasteson.skolbloggen.se/tag/framtidsvision/feed/
best_capture_lookup,20100821093444,http://cwasteson.skolbloggen.se/tag/fundering/,200,text/html,https://web.archive.org/web/20100821093444/http://cwasteson.skolbloggen.se/tag/fundering/
best_capture_lookup,20100821011552,http://cwasteson.skolbloggen.se/tag/google-docs/,200,text/html,https://web.archive.org/web/20100821011552/http://cwasteson.skolbloggen.se/tag/google-docs/
best_capture_lookup,20100821011629,http://cwasteson.skolbloggen.se/tag/google-dokuments/feed/,200,text/xml,https://web.archive.org/web/20100821011629/http://cwasteson.skolbloggen.se/tag/google-dokuments/feed/
best_capture_lookup,20120126043332,http://cwasteson.skolbloggen.se/tag/google/,200,text/html,https://web.archive.org/web/20120126043332/http://cwasteson.skolbloggen.se/tag/google/
best_capture_lookup,20100821005856,http://cwasteson.skolbloggen.se/tag/google/feed/,200,text/xml,https://web.archive.org/web/20100821005856/http://cwasteson.skolbloggen.se/tag/google/feed/
best_capture_lookup,20100821093047,http://cwasteson.skolbloggen.se/tag/gratis-verktyg/,200,text/html,https://web.archive.org/web/20100821093047/http://cwasteson.skolbloggen.se/tag/gratis-verktyg/
best_capture_lookup,20100821011411,http://cwasteson.skolbloggen.se/tag/grooming/,200,text/html,https://web.archive.org/web/20100821011411/http://cwasteson.skolbloggen.se/tag/grooming/
best_capture_lookup,20100821011432,http://cwasteson.skolbloggen.se/tag/grooming/feed/,200,text/xml,https://web.archive.org/web/20100821011432/http://cwasteson.skolbloggen.se/tag/grooming/feed/
best_capture_lookup,20100302232541,http://cwasteson.skolbloggen.se:80/tag/grupparbete/,200,text/html,https://web.archive.org/web/20100302232541/http://cwasteson.skolbloggen.se:80/tag/grupparbete/
best_capture_lookup,20100821011927,http://cwasteson.skolbloggen.se/tag/hantera/,200,text/html,https://web.archive.org/web/20100821011927/http://cwasteson.skolbloggen.se/tag/hantera/
best_capture_lookup,20100821091358,http://cwasteson.skolbloggen.se/tag/hantera/feed/,200,text/xml,https://web.archive.org/web/20100821091358/http://cwasteson.skolbloggen.se/tag/hantera/feed/
best_capture_lookup,20100821100312,http://cwasteson.skolbloggen.se/tag/hertzberg/feed/,200,text/xml,https://web.archive.org/web/20100821100312/http://cwasteson.skolbloggen.se/tag/hertzberg/feed/
best_capture_lookup,20100821011644,http://cwasteson.skolbloggen.se/tag/humla/,200,text/html,https://web.archive.org/web/20100821011644/http://cwasteson.skolbloggen.se/tag/humla/
best_capture_lookup,20100821011657,http://cwasteson.skolbloggen.se/tag/humla/feed/,200,text/xml,https://web.archive.org/web/20100821011657/http://cwasteson.skolbloggen.se/tag/humla/feed/
best_capture_lookup,20100821093555,http://cwasteson.skolbloggen.se/tag/humor/,200,text/html,https://web.archive.org/web/20100821093555/http://cwasteson.skolbloggen.se/tag/humor/
best_capture_lookup,20100821093607,http://cwasteson.skolbloggen.se/tag/humor/feed/,200,text/xml,https://web.archive.org/web/20100821093607/http://cwasteson.skolbloggen.se/tag/humor/feed/
best_capture_lookup,20100821093618,http://cwasteson.skolbloggen.se/tag/hund/,200,text/html,https://web.archive.org/web/20100821093618/http://cwasteson.skolbloggen.se/tag/hund/
best_capture_lookup,20100821093628,http://cwasteson.skolbloggen.se/tag/hund/feed/,200,text/xml,https://web.archive.org/web/20100821093628/http://cwasteson.skolbloggen.se/tag/hund/feed/
best_capture_lookup,20100824213549,http://cwasteson.skolbloggen.se/tag/hyperlankar/,200,text/html,https://web.archive.org/web/20100824213549/http://cwasteson.skolbloggen.se/tag/hyperlankar/
best_capture_lookup,20100824213600,http://cwasteson.skolbloggen.se/tag/hyperlankar/feed/,200,text/xml,https://web.archive.org/web/20100824213600/http://cwasteson.skolbloggen.se/tag/hyperlankar/feed/
best_capture_lookup,20100820163618,http://cwasteson.skolbloggen.se/tag/ikt/,200,text/html,https://web.archive.org/web/20100820163618/http://cwasteson.skolbloggen.se/tag/ikt/
best_capture_lookup,20100820163634,http://cwasteson.skolbloggen.se/tag/ikt/feed/,200,text/xml,https://web.archive.org/web/20100820163634/http://cwasteson.skolbloggen.se/tag/ikt/feed/
best_capture_lookup,20100821095919,http://cwasteson.skolbloggen.se/tag/illustrera/,200,text/html,https://web.archive.org/web/20100821095919/http://cwasteson.skolbloggen.se/tag/illustrera/
best_capture_lookup,20100821091557,http://cwasteson.skolbloggen.se/tag/imagechef/,200,text/html,https://web.archive.org/web/20100821091557/http://cwasteson.skolbloggen.se/tag/imagechef/
best_capture_lookup,20100821091608,http://cwasteson.skolbloggen.se/tag/imagechef/feed/,200,text/xml,https://web.archive.org/web/20100821091608/http://cwasteson.skolbloggen.se/tag/imagechef/feed/
best_capture_lookup,20100821094334,http://cwasteson.skolbloggen.se/tag/informationskompetens/feed/,200,text/xml,https://web.archive.org/web/20100821094334/http://cwasteson.skolbloggen.se/tag/informationskompetens/feed/
best_capture_lookup,20100821094627,http://cwasteson.skolbloggen.se/tag/installningar/feed/,200,text/xml,https://web.archive.org/web/20100821094627/http://cwasteson.skolbloggen.se/tag/installningar/feed/
best_capture_lookup,20100824213415,http://cwasteson.skolbloggen.se/tag/instruktionsfilm/,200,text/html,https://web.archive.org/web/20100824213415/http://cwasteson.skolbloggen.se/tag/instruktionsfilm/
best_capture_lookup,20100824213426,http://cwasteson.skolbloggen.se/tag/instruktionsfilm/feed/,200,text/xml,https://web.archive.org/web/20100824213426/http://cwasteson.skolbloggen.se/tag/instruktionsfilm/feed/
best_capture_lookup,20100820163237,http://cwasteson.skolbloggen.se/tag/integritet/,200,text/html,https://web.archive.org/web/20100820163237/http://cwasteson.skolbloggen.se/tag/integritet/
best_capture_lookup,20100820163250,http://cwasteson.skolbloggen.se/tag/integritet/feed/,200,text/xml,https://web.archive.org/web/20100820163250/http://cwasteson.skolbloggen.se/tag/integritet/feed/
best_capture_lookup,20100821003334,http://cwasteson.skolbloggen.se/tag/intelligens/,200,text/html,https://web.archive.org/web/20100821003334/http://cwasteson.skolbloggen.se/tag/intelligens/
best_capture_lookup,20100821003347,http://cwasteson.skolbloggen.se/tag/intelligens/feed/,200,text/xml,https://web.archive.org/web/20100821003347/http://cwasteson.skolbloggen.se/tag/intelligens/feed/
best_capture_lookup,20120126093913,http://cwasteson.skolbloggen.se/tag/internet/,200,text/html,https://web.archive.org/web/20120126093913/http://cwasteson.skolbloggen.se/tag/internet/
best_capture_lookup,20100820163314,http://cwasteson.skolbloggen.se/tag/internet/feed/,200,text/xml,https://web.archive.org/web/20100820163314/http://cwasteson.skolbloggen.se/tag/internet/feed/
best_capture_lookup,20120126062601,http://cwasteson.skolbloggen.se/tag/it/,200,text/html,https://web.archive.org/web/20120126062601/http://cwasteson.skolbloggen.se/tag/it/
best_capture_lookup,20100821005918,http://cwasteson.skolbloggen.se/tag/it/feed/,200,text/xml,https://web.archive.org/web/20100821005918/http://cwasteson.skolbloggen.se/tag/it/feed/
best_capture_lookup,20100821092724,http://cwasteson.skolbloggen.se/tag/kanslisprak/,200,text/html,https://web.archive.org/web/20100821092724/http://cwasteson.skolbloggen.se/tag/kanslisprak/
best_capture_lookup,20100821092738,http://cwasteson.skolbloggen.se/tag/kanslisprak/feed/,200,text/xml,https://web.archive.org/web/20100821092738/http://cwasteson.skolbloggen.se/tag/kanslisprak/feed/
best_capture_lookup,20100821003357,http://cwasteson.skolbloggen.se/tag/ken-robinson/,200,text/html,https://web.archive.org/web/20100821003357/http://cwasteson.skolbloggen.se/tag/ken-robinson/
best_capture_lookup,20100821003412,http://cwasteson.skolbloggen.se/tag/ken-robinson/feed/,200,text/xml,https://web.archive.org/web/20100821003412/http://cwasteson.skolbloggen.se/tag/ken-robinson/feed/
best_capture_lookup,20100821095415,http://cwasteson.skolbloggen.se/tag/klipp-och-klistra/,200,text/html,https://web.archive.org/web/20100821095415/http://cwasteson.skolbloggen.se/tag/klipp-och-klistra/
best_capture_lookup,20100821095428,http://cwasteson.skolbloggen.se/tag/klipp-och-klistra/feed/,200,text/xml,https://web.archive.org/web/20100821095428/http://cwasteson.skolbloggen.se/tag/klipp-och-klistra/feed/
best_capture_lookup,20100821094355,http://cwasteson.skolbloggen.se/tag/kolla-kallan/feed/,200,text/xml,https://web.archive.org/web/20100821094355/http://cwasteson.skolbloggen.se/tag/kolla-kallan/feed/
best_capture_lookup,20100821095943,http://cwasteson.skolbloggen.se/tag/kommentarsfunktion/,200,text/html,https://web.archive.org/web/20100821095943/http://cwasteson.skolbloggen.se/tag/kommentarsfunktion/
best_capture_lookup,20120126084002,http://cwasteson.skolbloggen.se/tag/konsroll/,200,text/html,https://web.archive.org/web/20120126084002/http://cwasteson.skolbloggen.se/tag/konsroll/
best_capture_lookup,20120126033632,http://cwasteson.skolbloggen.se/tag/kreativitet/,200,text/html,https://web.archive.org/web/20120126033632/http://cwasteson.skolbloggen.se/tag/kreativitet/
best_capture_lookup,20100821094403,http://cwasteson.skolbloggen.se/tag/kunskap/,200,text/html,https://web.archive.org/web/20100821094403/http://cwasteson.skolbloggen.se/tag/kunskap/
best_capture_lookup,20100821094416,http://cwasteson.skolbloggen.se/tag/kunskap/feed/,200,text/xml,https://web.archive.org/web/20100821094416/http://cwasteson.skolbloggen.se/tag/kunskap/feed/
best_capture_lookup,20120126004153,http://cwasteson.skolbloggen.se/tag/kursmal/,200,text/html,https://web.archive.org/web/20120126004153/http://cwasteson.skolbloggen.se/tag/kursmal/
best_capture_lookup,20100821005943,http://cwasteson.skolbloggen.se/tag/kursmal/feed/,200,text/xml,https://web.archive.org/web/20100821005943/http://cwasteson.skolbloggen.se/tag/kursmal/feed/
best_capture_lookup,20120126024459,http://cwasteson.skolbloggen.se/tag/kvinnor/,200,text/html,https://web.archive.org/web/20120126024459/http://cwasteson.skolbloggen.se/tag/kvinnor/
best_capture_lookup,20100821093640,http://cwasteson.skolbloggen.se/tag/kyckling/,200,text/html,https://web.archive.org/web/20100821093640/http://cwasteson.skolbloggen.se/tag/kyckling/
best_capture_lookup,20100821093653,http://cwasteson.skolbloggen.se/tag/kyckling/feed/,200,text/xml,https://web.archive.org/web/20100821093653/http://cwasteson.skolbloggen.se/tag/kyckling/feed/
best_capture_lookup,20100821100213,http://cwasteson.skolbloggen.se/tag/lamplighetstest/,200,text/html,https://web.archive.org/web/20100821100213/http://cwasteson.skolbloggen.se/tag/lamplighetstest/
best_capture_lookup,20100821100223,http://cwasteson.skolbloggen.se/tag/lamplighetstest/feed/,200,text/xml,https://web.archive.org/web/20100821100223/http://cwasteson.skolbloggen.se/tag/lamplighetstest/feed/
best_capture_lookup,20100821100009,http://cwasteson.skolbloggen.se/tag/lankar/,200,text/html,https://web.archive.org/web/20100821100009/http://cwasteson.skolbloggen.se/tag/lankar/
best_capture_lookup,20100821100019,http://cwasteson.skolbloggen.se/tag/lankar/feed/,200,text/xml,https://web.archive.org/web/20100821100019/http://cwasteson.skolbloggen.se/tag/lankar/feed/
best_capture_lookup,20120126080327,http://cwasteson.skolbloggen.se/tag/larare/,200,text/html,https://web.archive.org/web/20120126080327/http://cwasteson.skolbloggen.se/tag/larare/
best_capture_lookup,20100821010010,http://cwasteson.skolbloggen.se/tag/larare/feed/,200,text/xml,https://web.archive.org/web/20100821010010/http://cwasteson.skolbloggen.se/tag/larare/feed/
best_capture_lookup,20100303010301,http://cwasteson.skolbloggen.se:80/tag/larplattform/,200,text/html,https://web.archive.org/web/20100303010301/http://cwasteson.skolbloggen.se:80/tag/larplattform/
best_capture_lookup,20100821093949,http://cwasteson.skolbloggen.se/tag/lars-lagergren/,200,text/html,https://web.archive.org/web/20100821093949/http://cwasteson.skolbloggen.se/tag/lars-lagergren/
best_capture_lookup,20100821094004,http://cwasteson.skolbloggen.se/tag/lars-lagergren/feed/,200,text/xml,https://web.archive.org/web/20100821094004/http://cwasteson.skolbloggen.se/tag/lars-lagergren/feed/
best_capture_lookup,20100821092829,http://cwasteson.skolbloggen.se/tag/lasvanligt/feed/,200,text/xml,https://web.archive.org/web/20100821092829/http://cwasteson.skolbloggen.se/tag/lasvanligt/feed/
best_capture_lookup,20100302114554,http://cwasteson.skolbloggen.se:80/tag/lenz-taguchi/,200,text/html,https://web.archive.org/web/20100302114554/http://cwasteson.skolbloggen.se:80/tag/lenz-taguchi/
best_capture_lookup,20100821100046,http://cwasteson.skolbloggen.se/tag/ljud/feed/,200,text/xml,https://web.archive.org/web/20100821100046/http://cwasteson.skolbloggen.se/tag/ljud/feed/
best_capture_lookup,20100824211718,http://cwasteson.skolbloggen.se/tag/loggbok/,200,text/html,https://web.archive.org/web/20100824211718/http://cwasteson.skolbloggen.se/tag/loggbok/
best_capture_lookup,20100824211741,http://cwasteson.skolbloggen.se/tag/loggbok/feed/,200,text/xml,https://web.archive.org/web/20100824211741/http://cwasteson.skolbloggen.se/tag/loggbok/feed/
best_capture_lookup,20100821100323,http://cwasteson.skolbloggen.se/tag/lokensgard-hoel/,200,text/html,https://web.archive.org/web/20100821100323/http://cwasteson.skolbloggen.se/tag/lokensgard-hoel/
best_capture_lookup,20100824211640,http://cwasteson.skolbloggen.se/tag/lokensgard-hoel/feed/,200,text/xml,https://web.archive.org/web/20100824211640/http://cwasteson.skolbloggen.se/tag/lokensgard-hoel/feed/
best_capture_lookup,20120126002522,http://cwasteson.skolbloggen.se/tag/malsman/,200,text/html,https://web.archive.org/web/20120126002522/http://cwasteson.skolbloggen.se/tag/malsman/
best_capture_lookup,20100821010032,http://cwasteson.skolbloggen.se/tag/malsman/feed/,200,text/xml,https://web.archive.org/web/20100821010032/http://cwasteson.skolbloggen.se/tag/malsman/feed/
best_capture_lookup,20120126061408,http://cwasteson.skolbloggen.se/tag/medier/,200,text/html,https://web.archive.org/web/20120126061408/http://cwasteson.skolbloggen.se/tag/medier/
best_capture_lookup,20100820163717,http://cwasteson.skolbloggen.se/tag/medier/feed/,200,text/xml,https://web.archive.org/web/20100820163717/http://cwasteson.skolbloggen.se/tag/medier/feed/
best_capture_lookup,20100821003227,http://cwasteson.skolbloggen.se/tag/medieradet/,200,text/html,https://web.archive.org/web/20100821003227/http://cwasteson.skolbloggen.se/tag/medieradet/
best_capture_lookup,20100821092112,http://cwasteson.skolbloggen.se/tag/menyer/,200,text/html,https://web.archive.org/web/20100821092112/http://cwasteson.skolbloggen.se/tag/menyer/
best_capture_lookup,20100821095503,http://cwasteson.skolbloggen.se/tag/metakunskap/,200,text/html,https://web.archive.org/web/20100821095503/http://cwasteson.skolbloggen.se/tag/metakunskap/
best_capture_lookup,20100821095515,http://cwasteson.skolbloggen.se/tag/metakunskap/feed/,200,text/xml,https://web.archive.org/web/20100821095515/http://cwasteson.skolbloggen.se/tag/metakunskap/feed/
best_capture_lookup,20100821100148,http://cwasteson.skolbloggen.se/tag/miljodebatt/,200,text/html,https://web.archive.org/web/20100821100148/http://cwasteson.skolbloggen.se/tag/miljodebatt/
best_capture_lookup,20120126014206,http://cwasteson.skolbloggen.se/tag/millenniemal/,200,text/html,https://web.archive.org/web/20120126014206/http://cwasteson.skolbloggen.se/tag/millenniemal/
best_capture_lookup,20100821011717,http://cwasteson.skolbloggen.se/tag/mindmap/feed/,200,text/xml,https://web.archive.org/web/20100821011717/http://cwasteson.skolbloggen.se/tag/mindmap/feed/
best_capture_lookup,20100821091726,http://cwasteson.skolbloggen.se/tag/motivation/,200,text/html,https://web.archive.org/web/20100821091726/http://cwasteson.skolbloggen.se/tag/motivation/
best_capture_lookup,20100821091738,http://cwasteson.skolbloggen.se/tag/motivation/feed/,200,text/xml,https://web.archive.org/web/20100821091738/http://cwasteson.skolbloggen.se/tag/motivation/feed/
best_capture_lookup,20120126044432,http://cwasteson.skolbloggen.se/tag/multimediabyran/,200,text/html,https://web.archive.org/web/20120126044432/http://cwasteson.skolbloggen.se/tag/multimediabyran/
best_capture_lookup,20100821010055,http://cwasteson.skolbloggen.se/tag/multimediabyran/feed/,200,text/xml,https://web.archive.org/web/20100821010055/http://cwasteson.skolbloggen.se/tag/multimediabyran/feed/
best_capture_lookup,20100821092323,http://cwasteson.skolbloggen.se/tag/musik/,200,text/html,https://web.archive.org/web/20100821092323/http://cwasteson.skolbloggen.se/tag/musik/
best_capture_lookup,20100821011444,http://cwasteson.skolbloggen.se/tag/natkulturer/,200,text/html,https://web.archive.org/web/20100821011444/http://cwasteson.skolbloggen.se/tag/natkulturer/
best_capture_lookup,20100821011456,http://cwasteson.skolbloggen.se/tag/natkulturer/feed/,200,text/xml,https://web.archive.org/web/20100821011456/http://cwasteson.skolbloggen.se/tag/natkulturer/feed/
best_capture_lookup,20100821011507,http://cwasteson.skolbloggen.se/tag/natmobbing/,200,text/html,https://web.archive.org/web/20100821011507/http://cwasteson.skolbloggen.se/tag/natmobbing/
best_capture_lookup,20100821093513,http://cwasteson.skolbloggen.se/tag/naturskildring/,200,text/html,https://web.archive.org/web/20100821093513/http://cwasteson.skolbloggen.se/tag/naturskildring/
best_capture_lookup,20100821093522,http://cwasteson.skolbloggen.se/tag/naturskildring/feed/,200,text/xml,https://web.archive.org/web/20100821093522/http://cwasteson.skolbloggen.se/tag/naturskildring/feed/
best_capture_lookup,20100821093534,http://cwasteson.skolbloggen.se/tag/naturupplevelse/,200,text/html,https://web.archive.org/web/20100821093534/http://cwasteson.skolbloggen.se/tag/naturupplevelse/
best_capture_lookup,20100821093546,http://cwasteson.skolbloggen.se/tag/naturupplevelse/feed/,200,text/xml,https://web.archive.org/web/20100821093546/http://cwasteson.skolbloggen.se/tag/naturupplevelse/feed/
best_capture_lookup,20120126070438,http://cwasteson.skolbloggen.se/tag/ning/,200,text/html,https://web.archive.org/web/20120126070438/http://cwasteson.skolbloggen.se/tag/ning/
best_capture_lookup,20100821010119,http://cwasteson.skolbloggen.se/tag/ning/feed/,200,text/xml,https://web.archive.org/web/20100821010119/http://cwasteson.skolbloggen.se/tag/ning/feed/
best_capture_lookup,20120126055408,http://cwasteson.skolbloggen.se/tag/nyhetsbrev/,200,text/html,https://web.archive.org/web/20120126055408/http://cwasteson.skolbloggen.se/tag/nyhetsbrev/
best_capture_lookup,20100821010142,http://cwasteson.skolbloggen.se/tag/nyhetsbrev/feed/,200,text/xml,https://web.archive.org/web/20100821010142/http://cwasteson.skolbloggen.se/tag/nyhetsbrev/feed/
best_capture_lookup,20100824213705,http://cwasteson.skolbloggen.se/tag/osterlund/,200,text/html,https://web.archive.org/web/20100824213705/http://cwasteson.skolbloggen.se/tag/osterlund/
best_capture_lookup,20100824213718,http://cwasteson.skolbloggen.se/tag/osterlund/feed/,200,text/xml,https://web.archive.org/web/20100824213718/http://cwasteson.skolbloggen.se/tag/osterlund/feed/
best_capture_lookup,20120126013730,http://cwasteson.skolbloggen.se/tag/pedagogisk-dokumentation/,200,text/html,https://web.archive.org/web/20120126013730/http://cwasteson.skolbloggen.se/tag/pedagogisk-dokumentation/
best_capture_lookup,20100821010231,http://cwasteson.skolbloggen.se/tag/pedagogisk-dokumentation/feed/,200,text/xml,https://web.archive.org/web/20100821010231/http://cwasteson.skolbloggen.se/tag/pedagogisk-dokumentation/feed/
best_capture_lookup,20120126001317,http://cwasteson.skolbloggen.se/tag/pedagogiska-rad/,200,text/html,https://web.archive.org/web/20120126001317/http://cwasteson.skolbloggen.se/tag/pedagogiska-rad/
best_capture_lookup,20100821010208,http://cwasteson.skolbloggen.se/tag/pedagogiska-rad/feed/,200,text/xml,https://web.archive.org/web/20100821010208/http://cwasteson.skolbloggen.se/tag/pedagogiska-rad/feed/
best_capture_lookup,20100821011852,http://cwasteson.skolbloggen.se/tag/photofiltre/feed/,200,text/xml,https://web.archive.org/web/20100821011852/http://cwasteson.skolbloggen.se/tag/photofiltre/feed/
best_capture_lookup,20120126003939,http://cwasteson.skolbloggen.se/tag/pim/,200,text/html,https://web.archive.org/web/20120126003939/http://cwasteson.skolbloggen.se/tag/pim/
best_capture_lookup,20100821093732,http://cwasteson.skolbloggen.se/tag/pitbull/feed/,200,text/xml,https://web.archive.org/web/20100821093732/http://cwasteson.skolbloggen.se/tag/pitbull/feed/
best_capture_lookup,20100824211759,http://cwasteson.skolbloggen.se/tag/planering/,200,text/html,https://web.archive.org/web/20100824211759/http://cwasteson.skolbloggen.se/tag/planering/
best_capture_lookup,20100824211818,http://cwasteson.skolbloggen.se/tag/planering/feed/,200,text/xml,https://web.archive.org/web/20100824211818/http://cwasteson.skolbloggen.se/tag/planering/feed/
best_capture_lookup,20100824213329,http://cwasteson.skolbloggen.se/tag/plugin/,200,text/html,https://web.archive.org/web/20100824213329/http://cwasteson.skolbloggen.se/tag/plugin/
best_capture_lookup,20100824213341,http://cwasteson.skolbloggen.se/tag/plugin/feed/,200,text/xml,https://web.archive.org/web/20100824213341/http://cwasteson.skolbloggen.se/tag/plugin/feed/
best_capture_lookup,20100820163441,http://cwasteson.skolbloggen.se/tag/podcast/feed/,200,text/xml,https://web.archive.org/web/20100820163441/http://cwasteson.skolbloggen.se/tag/podcast/feed/
best_capture_lookup,20120126021236,http://cwasteson.skolbloggen.se/tag/podsandning/,200,text/html,https://web.archive.org/web/20120126021236/http://cwasteson.skolbloggen.se/tag/podsandning/
best_capture_lookup,20100820163509,http://cwasteson.skolbloggen.se/tag/podsandning/feed/,200,text/xml,https://web.archive.org/web/20100820163509/http://cwasteson.skolbloggen.se/tag/podsandning/feed/
best_capture_lookup,20120126084416,http://cwasteson.skolbloggen.se/tag/portfolio/,200,text/html,https://web.archive.org/web/20120126084416/http://cwasteson.skolbloggen.se/tag/portfolio/
best_capture_lookup,20100821010339,http://cwasteson.skolbloggen.se/tag/portfolio/feed/,200,text/xml,https://web.archive.org/web/20100821010339/http://cwasteson.skolbloggen.se/tag/portfolio/feed/
best_capture_lookup,20100824213728,http://cwasteson.skolbloggen.se/tag/portfoliometodik/,200,text/html,https://web.archive.org/web/20100824213728/http://cwasteson.skolbloggen.se/tag/portfoliometodik/
best_capture_lookup,20100824213744,http://cwasteson.skolbloggen.se/tag/portfoliometodik/feed/,200,text/xml,https://web.archive.org/web/20100824213744/http://cwasteson.skolbloggen.se/tag/portfoliometodik/feed/
best_capture_lookup,20120126033808,http://cwasteson.skolbloggen.se/tag/powerpoint/,200,text/html,https://web.archive.org/web/20120126033808/http://cwasteson.skolbloggen.se/tag/powerpoint/
best_capture_lookup,20100821095033,http://cwasteson.skolbloggen.se/tag/presentation/feed/,200,text/xml,https://web.archive.org/web/20100821095033/http://cwasteson.skolbloggen.se/tag/presentation/feed/
best_capture_lookup,20100821094651,http://cwasteson.skolbloggen.se/tag/profilsida/feed/,200,text/xml,https://web.archive.org/web/20100821094651/http://cwasteson.skolbloggen.se/tag/profilsida/feed/
best_capture_lookup,20100824211838,http://cwasteson.skolbloggen.se/tag/redovisning/,200,text/html,https://web.archive.org/web/20100824211838/http://cwasteson.skolbloggen.se/tag/redovisning/
best_capture_lookup,20120126003416,http://cwasteson.skolbloggen.se/tag/reflektera/,200,text/html,https://web.archive.org/web/20120126003416/http://cwasteson.skolbloggen.se/tag/reflektera/
best_capture_lookup,20100821010433,http://cwasteson.skolbloggen.se/tag/reflektera/feed/,200,text/xml,https://web.archive.org/web/20100821010433/http://cwasteson.skolbloggen.se/tag/reflektera/feed/
best_capture_lookup,20120126015812,http://cwasteson.skolbloggen.se/tag/richardson/,200,text/html,https://web.archive.org/web/20120126015812/http://cwasteson.skolbloggen.se/tag/richardson/
best_capture_lookup,20100821010500,http://cwasteson.skolbloggen.se/tag/richardson/feed/,200,text/xml,https://web.archive.org/web/20100821010500/http://cwasteson.skolbloggen.se/tag/richardson/feed/
best_capture_lookup,20120126021036,http://cwasteson.skolbloggen.se/tag/rwanda/,200,text/html,https://web.archive.org/web/20120126021036/http://cwasteson.skolbloggen.se/tag/rwanda/
best_capture_lookup,20100821095848,http://cwasteson.skolbloggen.se/tag/sakerhet/,200,text/html,https://web.archive.org/web/20100821095848/http://cwasteson.skolbloggen.se/tag/sakerhet/
best_capture_lookup,20100821095903,http://cwasteson.skolbloggen.se/tag/sakerhet/feed/,200,text/xml,https://web.archive.org/web/20100821095903/http://cwasteson.skolbloggen.se/tag/sakerhet/feed/
best_capture_lookup,20100821093400,http://cwasteson.skolbloggen.se/tag/samarbete/,200,text/html,https://web.archive.org/web/20100821093400/http://cwasteson.skolbloggen.se/tag/samarbete/
best_capture_lookup,20100821093413,http://cwasteson.skolbloggen.se/tag/samarbete/feed/,200,text/xml,https://web.archive.org/web/20100821093413/http://cwasteson.skolbloggen.se/tag/samarbete/feed/
best_capture_lookup,20100824213502,http://cwasteson.skolbloggen.se/tag/scamportfolio/,200,text/html,https://web.archive.org/web/20100824213502/http://cwasteson.skolbloggen.se/tag/scamportfolio/
best_capture_lookup,20100824213513,http://cwasteson.skolbloggen.se/tag/scamportfolio/feed/,200,text/xml,https://web.archive.org/web/20100824213513/http://cwasteson.skolbloggen.se/tag/scamportfolio/feed/
best_capture_lookup,20100302114559,http://cwasteson.skolbloggen.se:80/tag/scb/,200,text/html,https://web.archive.org/web/20100302114559/http://cwasteson.skolbloggen.se:80/tag/scb/
best_capture_lookup,20100824213304,http://cwasteson.skolbloggen.se/tag/se/,200,text/html,https://web.archive.org/web/20100824213304/http://cwasteson.skolbloggen.se/tag/se/
best_capture_lookup,20100824213319,http://cwasteson.skolbloggen.se/tag/se/feed/,200,text/xml,https://web.archive.org/web/20100824213319/http://cwasteson.skolbloggen.se/tag/se/feed/
best_capture_lookup,20120126031234,http://cwasteson.skolbloggen.se/tag/simrishamn/,200,text/html,https://web.archive.org/web/20120126031234/http://cwasteson.skolbloggen.se/tag/simrishamn/
best_capture_lookup,20120126032704,http://cwasteson.skolbloggen.se/tag/skola/,200,text/html,https://web.archive.org/web/20120126032704/http://cwasteson.skolbloggen.se/tag/skola/
best_capture_lookup,20100821094701,http://cwasteson.skolbloggen.se/tag/skolbloggen-se/,200,text/html,https://web.archive.org/web/20100821094701/http://cwasteson.skolbloggen.se/tag/skolbloggen-se/
best_capture_lookup,20100821094713,http://cwasteson.skolbloggen.se/tag/skolbloggen-se/feed/,200,text/xml,https://web.archive.org/web/20100821094713/http://cwasteson.skolbloggen.se/tag/skolbloggen-se/feed/
best_capture_lookup,20100302231842,http://cwasteson.skolbloggen.se:80/tag/skolutveckling/,200,text/html,https://web.archive.org/web/20100302231842/http://cwasteson.skolbloggen.se:80/tag/skolutveckling/
best_capture_lookup,20120126085725,http://cwasteson.skolbloggen.se/tag/skrivrad/,200,text/html,https://web.archive.org/web/20120126085725/http://cwasteson.skolbloggen.se/tag/skrivrad/
best_capture_lookup,20100821010600,http://cwasteson.skolbloggen.se/tag/skrivrad/feed/,200,text/xml,https://web.archive.org/web/20100821010600/http://cwasteson.skolbloggen.se/tag/skrivrad/feed/
best_capture_lookup,20100821095751,http://cwasteson.skolbloggen.se/tag/skrivregler/,200,text/html,https://web.archive.org/web/20100821095751/http://cwasteson.skolbloggen.se/tag/skrivregler/
best_capture_lookup,20100821095805,http://cwasteson.skolbloggen.se/tag/skrivregler/feed/,200,text/xml,https://web.archive.org/web/20100821095805/http://cwasteson.skolbloggen.se/tag/skrivregler/feed/
best_capture_lookup,20100821095317,http://cwasteson.skolbloggen.se/tag/skype/feed/,200,text/xml,https://web.archive.org/web/20100821095317/http://cwasteson.skolbloggen.se/tag/skype/feed/
best_capture_lookup,20100821091641,http://cwasteson.skolbloggen.se/tag/slideshow/,200,text/html,https://web.archive.org/web/20100821091641/http://cwasteson.skolbloggen.se/tag/slideshow/
best_capture_lookup,20100821091655,http://cwasteson.skolbloggen.se/tag/slideshow/feed/,200,text/xml,https://web.archive.org/web/20100821091655/http://cwasteson.skolbloggen.se/tag/slideshow/feed/
best_capture_lookup,20120126080539,http://cwasteson.skolbloggen.se/tag/sociala-medier/,200,text/html,https://web.archive.org/web/20120126080539/http://cwasteson.skolbloggen.se/tag/sociala-medier/
best_capture_lookup,20100821010637,http://cwasteson.skolbloggen.se/tag/sociala-medier/feed/,200,text/xml,https://web.archive.org/web/20100821010637/http://cwasteson.skolbloggen.se/tag/sociala-medier/feed/
best_capture_lookup,20100821091831,http://cwasteson.skolbloggen.se/tag/sokassistenten/,200,text/html,https://web.archive.org/web/20100821091831/http://cwasteson.skolbloggen.se/tag/sokassistenten/
best_capture_lookup,20100821091841,http://cwasteson.skolbloggen.se/tag/sokassistenten/feed/,200,text/xml,https://web.archive.org/web/20100821091841/http://cwasteson.skolbloggen.se/tag/sokassistenten/feed/
best_capture_lookup,20100821091850,http://cwasteson.skolbloggen.se/tag/spara/,200,text/html,https://web.archive.org/web/20100821091850/http://cwasteson.skolbloggen.se/tag/spara/
best_capture_lookup,20100821091902,http://cwasteson.skolbloggen.se/tag/spara/feed/,200,text/xml,https://web.archive.org/web/20100821091902/http://cwasteson.skolbloggen.se/tag/spara/feed/
best_capture_lookup,20120126081154,http://cwasteson.skolbloggen.se/tag/sprakriktighet/,200,text/html,https://web.archive.org/web/20120126081154/http://cwasteson.skolbloggen.se/tag/sprakriktighet/
best_capture_lookup,20100821010658,http://cwasteson.skolbloggen.se/tag/sprakriktighet/feed/,200,text/xml,https://web.archive.org/web/20100821010658/http://cwasteson.skolbloggen.se/tag/sprakriktighet/feed/
best_capture_lookup,20100821094426,http://cwasteson.skolbloggen.se/tag/stefan-palsson/,200,text/html,https://web.archive.org/web/20100821094426/http://cwasteson.skolbloggen.se/tag/stefan-palsson/
best_capture_lookup,20100821094439,http://cwasteson.skolbloggen.se/tag/stefan-palsson/feed/,200,text/xml,https://web.archive.org/web/20100821094439/http://cwasteson.skolbloggen.se/tag/stefan-palsson/feed/
best_capture_lookup,20120126081212,http://cwasteson.skolbloggen.se/tag/surfa/,200,text/html,https://web.archive.org/web/20120126081212/http://cwasteson.skolbloggen.se/tag/surfa/
best_capture_lookup,20100821010719,http://cwasteson.skolbloggen.se/tag/surfa/feed/,200,text/xml,https://web.archive.org/web/20100821010719/http://cwasteson.skolbloggen.se/tag/surfa/feed/
best_capture_lookup,20100821094558,http://cwasteson.skolbloggen.se/tag/sven-eric-liedman/,200,text/html,https://web.archive.org/web/20100821094558/http://cwasteson.skolbloggen.se/tag/sven-eric-liedman/
best_capture_lookup,20100821094610,http://cwasteson.skolbloggen.se/tag/sven-eric-liedman/feed/,200,text/xml,https://web.archive.org/web/20100821094610/http://cwasteson.skolbloggen.se/tag/sven-eric-liedman/feed/
best_capture_lookup,20100821095351,http://cwasteson.skolbloggen.se/tag/svenska-b-kurs/,200,text/html,https://web.archive.org/web/20100821095351/http://cwasteson.skolbloggen.se/tag/svenska-b-kurs/
best_capture_lookup,20100821094726,http://cwasteson.skolbloggen.se/tag/synlighet/,200,text/html,https://web.archive.org/web/20100821094726/http://cwasteson.skolbloggen.se/tag/synlighet/
best_capture_lookup,20100821094740,http://cwasteson.skolbloggen.se/tag/synlighet/feed/,200,text/xml,https://web.archive.org/web/20100821094740/http://cwasteson.skolbloggen.se/tag/synlighet/feed/
best_capture_lookup,20100821095710,http://cwasteson.skolbloggen.se/tag/tacksamhet/feed/,200,text/xml,https://web.archive.org/web/20100821095710/http://cwasteson.skolbloggen.se/tag/tacksamhet/feed/
best_capture_lookup,20100821092208,http://cwasteson.skolbloggen.se/tag/tangentbord/,200,text/html,https://web.archive.org/web/20100821092208/http://cwasteson.skolbloggen.se/tag/tangentbord/
best_capture_lookup,20100821094912,http://cwasteson.skolbloggen.se/tag/tankeverksamhet/,200,text/html,https://web.archive.org/web/20100821094912/http://cwasteson.skolbloggen.se/tag/tankeverksamhet/
best_capture_lookup,20100821094922,http://cwasteson.skolbloggen.se/tag/tankeverksamhet/feed/,200,text/xml,https://web.archive.org/web/20100821094922/http://cwasteson.skolbloggen.se/tag/tankeverksamhet/feed/
best_capture_lookup,20100821095529,http://cwasteson.skolbloggen.se/tag/text/,200,text/html,https://web.archive.org/web/20100821095529/http://cwasteson.skolbloggen.se/tag/text/
best_capture_lookup,20100821095541,http://cwasteson.skolbloggen.se/tag/text/feed/,200,text/xml,https://web.archive.org/web/20100821095541/http://cwasteson.skolbloggen.se/tag/text/feed/
best_capture_lookup,20100821095607,http://cwasteson.skolbloggen.se/tag/textvard/feed/,200,text/xml,https://web.archive.org/web/20100821095607/http://cwasteson.skolbloggen.se/tag/textvard/feed/
best_capture_lookup,20100821095617,http://cwasteson.skolbloggen.se/tag/tid/,200,text/html,https://web.archive.org/web/20100821095617/http://cwasteson.skolbloggen.se/tag/tid/
best_capture_lookup,20100821095630,http://cwasteson.skolbloggen.se/tag/tid/feed/,200,text/xml,https://web.archive.org/web/20100821095630/http://cwasteson.skolbloggen.se/tag/tid/feed/
best_capture_lookup,20100824213614,http://cwasteson.skolbloggen.se/tag/tillganglighet/,200,text/html,https://web.archive.org/web/20100824213614/http://cwasteson.skolbloggen.se/tag/tillganglighet/
best_capture_lookup,20100824213629,http://cwasteson.skolbloggen.se/tag/tillganglighet/feed/,200,text/xml,https://web.archive.org/web/20100824213629/http://cwasteson.skolbloggen.se/tag/tillganglighet/feed/
best_capture_lookup,20120126070819,http://cwasteson.skolbloggen.se/tag/tips/,200,text/html,https://web.archive.org/web/20120126070819/http://cwasteson.skolbloggen.se/tag/tips/
best_capture_lookup,20100821010742,http://cwasteson.skolbloggen.se/tag/tips/feed/,200,text/xml,https://web.archive.org/web/20100821010742/http://cwasteson.skolbloggen.se/tag/tips/feed/
best_capture_lookup,20100821094059,http://cwasteson.skolbloggen.se/tag/trygg/feed/,200,text/xml,https://web.archive.org/web/20100821094059/http://cwasteson.skolbloggen.se/tag/trygg/feed/
best_capture_lookup,20100821095137,http://cwasteson.skolbloggen.se/tag/tv/,200,text/html,https://web.archive.org/web/20100821095137/http://cwasteson.skolbloggen.se/tag/tv/
best_capture_lookup,20100821095145,http://cwasteson.skolbloggen.se/tag/tv/feed/,200,text/xml,https://web.archive.org/web/20100821095145/http://cwasteson.skolbloggen.se/tag/tv/feed/
best_capture_lookup,20100821095329,http://cwasteson.skolbloggen.se/tag/twitter/,200,text/html,https://web.archive.org/web/20100821095329/http://cwasteson.skolbloggen.se/tag/twitter/
best_capture_lookup,20100821095342,http://cwasteson.skolbloggen.se/tag/twitter/feed/,200,text/xml,https://web.archive.org/web/20100821095342/http://cwasteson.skolbloggen.se/tag/twitter/feed/
best_capture_lookup,20100821094115,http://cwasteson.skolbloggen.se/tag/ungdom/,200,text/html,https://web.archive.org/web/20100821094115/http://cwasteson.skolbloggen.se/tag/ungdom/
best_capture_lookup,20100821094132,http://cwasteson.skolbloggen.se/tag/ungdom/feed/,200,text/xml,https://web.archive.org/web/20100821094132/http://cwasteson.skolbloggen.se/tag/ungdom/feed/
best_capture_lookup,20100824211902,http://cwasteson.skolbloggen.se/tag/uppgifter/,200,text/html,https://web.archive.org/web/20100824211902/http://cwasteson.skolbloggen.se/tag/uppgifter/
best_capture_lookup,20100824211915,http://cwasteson.skolbloggen.se/tag/uppgifter/feed/,200,text/xml,https://web.archive.org/web/20100824211915/http://cwasteson.skolbloggen.se/tag/uppgifter/feed/
best_capture_lookup,20100820163328,http://cwasteson.skolbloggen.se/tag/upphovsratt/,200,text/html,https://web.archive.org/web/20100820163328/http://cwasteson.skolbloggen.se/tag/upphovsratt/
best_capture_lookup,20100820163345,http://cwasteson.skolbloggen.se/tag/upphovsratt/feed/,200,text/xml,https://web.archive.org/web/20100820163345/http://cwasteson.skolbloggen.se/tag/upphovsratt/feed/
best_capture_lookup,20100821094147,http://cwasteson.skolbloggen.se/tag/uppvaxtmiljo/,200,text/html,https://web.archive.org/web/20100821094147/http://cwasteson.skolbloggen.se/tag/uppvaxtmiljo/
best_capture_lookup,20100821094159,http://cwasteson.skolbloggen.se/tag/uppvaxtmiljo/feed/,200,text/xml,https://web.archive.org/web/20100821094159/http://cwasteson.skolbloggen.se/tag/uppvaxtmiljo/feed/
best_capture_lookup,20100821092259,http://cwasteson.skolbloggen.se/tag/ursakt/,200,text/html,https://web.archive.org/web/20100821092259/http://cwasteson.skolbloggen.se/tag/ursakt/
best_capture_lookup,20100821092312,http://cwasteson.skolbloggen.se/tag/ursakt/feed/,200,text/xml,https://web.archive.org/web/20100821092312/http://cwasteson.skolbloggen.se/tag/ursakt/feed/
best_capture_lookup,20100821091914,http://cwasteson.skolbloggen.se/tag/usb-minne/,200,text/html,https://web.archive.org/web/20100821091914/http://cwasteson.skolbloggen.se/tag/usb-minne/
best_capture_lookup,20100821091926,http://cwasteson.skolbloggen.se/tag/usb-minne/feed/,200,text/xml,https://web.archive.org/web/20100821091926/http://cwasteson.skolbloggen.se/tag/usb-minne/feed/
best_capture_lookup,20120126032807,http://cwasteson.skolbloggen.se/tag/utbildning/,200,text/html,https://web.archive.org/web/20120126032807/http://cwasteson.skolbloggen.se/tag/utbildning/
best_capture_lookup,20100821010828,http://cwasteson.skolbloggen.se/tag/utbildning/feed/,200,text/xml,https://web.archive.org/web/20100821010828/http://cwasteson.skolbloggen.se/tag/utbildning/feed/
best_capture_lookup,20100821091937,http://cwasteson.skolbloggen.se/tag/utforska/,200,text/html,https://web.archive.org/web/20100821091937/http://cwasteson.skolbloggen.se/tag/utforska/
best_capture_lookup,20100821094225,http://cwasteson.skolbloggen.se/tag/vanner/feed/,200,text/xml,https://web.archive.org/web/20100821094225/http://cwasteson.skolbloggen.se/tag/vanner/feed/
best_capture_lookup,20100824213436,http://cwasteson.skolbloggen.se/tag/verktyg/,200,text/html,https://web.archive.org/web/20100824213436/http://cwasteson.skolbloggen.se/tag/verktyg/
best_capture_lookup,20100824213448,http://cwasteson.skolbloggen.se/tag/verktyg/feed/,200,text/xml,https://web.archive.org/web/20100824213448/http://cwasteson.skolbloggen.se/tag/verktyg/feed/
best_capture_lookup,20100821093242,http://cwasteson.skolbloggen.se/tag/webbibliotek/,200,text/html,https://web.archive.org/web/20100821093242/http://cwasteson.skolbloggen.se/tag/webbibliotek/
best_capture_lookup,20100821093335,http://cwasteson.skolbloggen.se/tag/webbradio/,200,text/html,https://web.archive.org/web/20100821093335/http://cwasteson.skolbloggen.se/tag/webbradio/
best_capture_lookup,20100821093351,http://cwasteson.skolbloggen.se/tag/webbradio/feed/,200,text/xml,https://web.archive.org/web/20100821093351/http://cwasteson.skolbloggen.se/tag/webbradio/feed/
best_capture_lookup,20100821100112,http://cwasteson.skolbloggen.se/tag/webbtext/feed/,200,text/xml,https://web.archive.org/web/20100821100112/http://cwasteson.skolbloggen.se/tag/webbtext/feed/
best_capture_lookup,20100821003249,http://cwasteson.skolbloggen.se/tag/wiki/,200,text/html,https://web.archive.org/web/20100821003249/http://cwasteson.skolbloggen.se/tag/wiki/
best_capture_lookup,20100821003302,http://cwasteson.skolbloggen.se/tag/wiki/feed/,200,text/xml,https://web.archive.org/web/20100821003302/http://cwasteson.skolbloggen.se/tag/wiki/feed/
best_capture_lookup,20100821003315,http://cwasteson.skolbloggen.se/tag/wikipedia/,200,text/html,https://web.archive.org/web/20100821003315/http://cwasteson.skolbloggen.se/tag/wikipedia/
best_capture_lookup,20100824213638,http://cwasteson.skolbloggen.se/tag/will-richardson/,200,text/html,https://web.archive.org/web/20100824213638/http://cwasteson.skolbloggen.se/tag/will-richardson/
best_capture_lookup,20100824213654,http://cwasteson.skolbloggen.se/tag/will-richardson/feed/,200,text/xml,https://web.archive.org/web/20100824213654/http://cwasteson.skolbloggen.se/tag/will-richardson/feed/
best_capture_lookup,20120126024513,http://cwasteson.skolbloggen.se/tag/wordle/,200,text/html,https://web.archive.org/web/20120126024513/http://cwasteson.skolbloggen.se/tag/wordle/
best_capture_lookup,20100821010850,http://cwasteson.skolbloggen.se/tag/wordle/feed/,200,text/xml,https://web.archive.org/web/20100821010850/http://cwasteson.skolbloggen.se/tag/wordle/feed/
best_capture_lookup,20100824213355,http://cwasteson.skolbloggen.se/tag/wordpress/,200,text/html,https://web.archive.org/web/20100824213355/http://cwasteson.skolbloggen.se/tag/wordpress/
best_capture_lookup,20100824213404,http://cwasteson.skolbloggen.se/tag/wordpress/feed/,200,text/xml,https://web.archive.org/web/20100824213404/http://cwasteson.skolbloggen.se/tag/wordpress/feed/
best_capture_lookup,20100821092352,http://cwasteson.skolbloggen.se/tag/youtube/,200,text/html,https://web.archive.org/web/20100821092352/http://cwasteson.skolbloggen.se/tag/youtube/
best_capture_lookup,20100821092403,http://cwasteson.skolbloggen.se/tag/youtube/feed/,200,text/xml,https://web.archive.org/web/20100821092403/http://cwasteson.skolbloggen.se/tag/youtube/feed/
best_capture_lookup,20120126063448,http://cwasteson.skolbloggen.se/undervisningslanka/,200,text/html,https://web.archive.org/web/20120126063448/http://cwasteson.skolbloggen.se/undervisningslanka/
best_capture_lookup,20100821003615,http://cwasteson.skolbloggen.se/undervisningslanka/feed/,200,text/xml,https://web.archive.org/web/20100821003615/http://cwasteson.skolbloggen.se/undervisningslanka/feed/
best_capture_lookup,20100821011115,http://cwasteson.skolbloggen.se/wp-content/mu-plugins/anarchy_media/,200,text/html,https://web.archive.org/web/20100821011115/http://cwasteson.skolbloggen.se/wp-content/mu-plugins/anarchy_media/
best_capture_lookup,20120126014259,http://cwasteson.skolbloggen.se/wp-content/mu-plugins/anarchy_media/anarchy_media_player.php?anarchy.js,200,text/javascript,https://web.archive.org/web/20120126014259/http://cwasteson.skolbloggen.se/wp-content/mu-plugins/anarchy_media/anarchy_media_player.php?anarchy.js
best_capture_lookup,20100821011402,http://cwasteson.skolbloggen.se/wp-content/mu-plugins/wp-recaptcha/email.png,200,image/png,https://web.archive.org/web/20100821011402/http://cwasteson.skolbloggen.se/wp-content/mu-plugins/wp-recaptcha/email.png
best_capture_lookup,20120126012007,http://cwasteson.skolbloggen.se/wp-content/mu-plugins/wp-recaptcha/recaptcha.css,200,text/css,https://web.archive.org/web/20120126012007/http://cwasteson.skolbloggen.se/wp-content/mu-plugins/wp-recaptcha/recaptcha.css
best_capture_lookup,20180604180530,https://cwasteson.skolbloggen.se/wp-content/plugins/admin-bar-login/admin-bar-login.css?ver=1.0.1,200,text/css,https://web.archive.org/web/20180604180530/https://cwasteson.skolbloggen.se/wp-content/plugins/admin-bar-login/admin-bar-login.css?ver=1.0.1
best_capture_lookup,20120126030023,http://cwasteson.skolbloggen.se/wp-content/plugins/buddypress/bp-themes/bp-default/_inc/css/adminbar.css?ver=3.2.1,200,text/css,https://web.archive.org/web/20120126030023/http://cwasteson.skolbloggen.se/wp-content/plugins/buddypress/bp-themes/bp-default/_inc/css/adminbar.css?ver=3.2.1
best_capture_lookup,20100821011041,http://cwasteson.skolbloggen.se/wp-content/plugins/buddypress/bp-themes/bp-default/_inc/images/60pc_black.png,200,image/png,https://web.archive.org/web/20100821011041/http://cwasteson.skolbloggen.se/wp-content/plugins/buddypress/bp-themes/bp-default/_inc/images/60pc_black.png
best_capture_lookup,20100821011049,http://cwasteson.skolbloggen.se/wp-content/plugins/buddypress/bp-themes/bp-default/_inc/images/admin-menu-arrow.gif,200,image/gif,https://web.archive.org/web/20100821011049/http://cwasteson.skolbloggen.se/wp-content/plugins/buddypress/bp-themes/bp-default/_inc/images/admin-menu-arrow.gif
best_capture_lookup,20180604164056,https://cwasteson.skolbloggen.se/wp-content/plugins/pro-sites/pro-sites-files/js/tax.js?ver=3.5.8,200,application/javascript,https://web.archive.org/web/20180604164056/https://cwasteson.skolbloggen.se/wp-content/plugins/pro-sites/pro-sites-files/js/tax.js?ver=3.5.8
best_capture_lookup,20180604163956,https://cwasteson.skolbloggen.se/wp-content/themes/blix/images/spring_flavour/header_bg.jpg,200,image/jpeg,https://web.archive.org/web/20180604163956/https://cwasteson.skolbloggen.se/wp-content/themes/blix/images/spring_flavour/header_bg.jpg
best_capture_lookup,20180709210100,https://cwasteson.skolbloggen.se/wp-content/themes/blix/layout.css?1,200,text/css,https://web.archive.org/web/20180709210100/https://cwasteson.skolbloggen.se/wp-content/themes/blix/layout.css?1
best_capture_lookup,20100817215102,http://cwasteson.skolbloggen.se/wp-content/themes/letterhead/style.css,200,text/css,https://web.archive.org/web/20100817215102/http://cwasteson.skolbloggen.se/wp-content/themes/letterhead/style.css
best_capture_lookup,20180604165337,https://cwasteson.skolbloggen.se/wp-includes/css/admin-bar.min.css?ver=63a1754c5b1d2ffcae81f9988ee0db8c,200,text/css,https://web.archive.org/web/20180604165337/https://cwasteson.skolbloggen.se/wp-includes/css/admin-bar.min.css?ver=63a1754c5b1d2ffcae81f9988ee0db8c
best_capture_lookup,20180604161422,https://cwasteson.skolbloggen.se/wp-includes/css/dashicons.min.css?ver=63a1754c5b1d2ffcae81f9988ee0db8c,200,text/css,https://web.archive.org/web/20180604161422/https://cwasteson.skolbloggen.se/wp-includes/css/dashicons.min.css?ver=63a1754c5b1d2ffcae81f9988ee0db8c
best_capture_lookup,20170201041553,http://cwasteson.skolbloggen.se/wp-includes/css/dashicons.min.css?ver=ba1af84a589c99f85e42f8364aff6812,200,text/css,https://web.archive.org/web/20170201041553/http://cwasteson.skolbloggen.se/wp-includes/css/dashicons.min.css?ver=ba1af84a589c99f85e42f8364aff6812
best_capture_lookup,20180709211251,https://cwasteson.skolbloggen.se/wp-includes/fonts/dashicons.eot,200,application/vnd.ms-fontobject,https://web.archive.org/web/20180709211251/https://cwasteson.skolbloggen.se/wp-includes/fonts/dashicons.eot
best_capture_lookup,20180709194031,https://cwasteson.skolbloggen.se/wp-includes/fonts/dashicons.svg,200,image/svg+xml,https://web.archive.org/web/20180709194031/https://cwasteson.skolbloggen.se/wp-includes/fonts/dashicons.svg
best_capture_lookup,20180709210025,https://cwasteson.skolbloggen.se/wp-includes/fonts/dashicons.ttf,200,unk,https://web.archive.org/web/20180709210025/https://cwasteson.skolbloggen.se/wp-includes/fonts/dashicons.ttf
best_capture_lookup,20100817215243,http://cwasteson.skolbloggen.se/wp-includes/images/smilies/icon_biggrin.gif,200,image/gif,https://web.archive.org/web/20100817215243/http://cwasteson.skolbloggen.se/wp-includes/images/smilies/icon_biggrin.gif
best_capture_lookup,20120126024729,http://cwasteson.skolbloggen.se/wp-includes/images/smilies/icon_smile.gif,200,image/gif,https://web.archive.org/web/20120126024729/http://cwasteson.skolbloggen.se/wp-includes/images/smilies/icon_smile.gif
best_capture_lookup,20120126055952,http://cwasteson.skolbloggen.se/wp-includes/images/smilies/icon_wink.gif,200,image/gif,https://web.archive.org/web/20120126055952/http://cwasteson.skolbloggen.se/wp-includes/images/smilies/icon_wink.gif
best_capture_lookup,20180604161751,https://cwasteson.skolbloggen.se/wp-includes/js/admin-bar.min.js?ver=63a1754c5b1d2ffcae81f9988ee0db8c,200,application/javascript,https://web.archive.org/web/20180604161751/https://cwasteson.skolbloggen.se/wp-includes/js/admin-bar.min.js?ver=63a1754c5b1d2ffcae81f9988ee0db8c
best_capture_lookup,20170125220210,http://cwasteson.skolbloggen.se/wp-includes/js/admin-bar.min.js?ver=ba1af84a589c99f85e42f8364aff6812,200,application/javascript,https://web.archive.org/web/20170125220210/http://cwasteson.skolbloggen.se/wp-includes/js/admin-bar.min.js?ver=ba1af84a589c99f85e42f8364aff6812
best_capture_lookup,20170125225014,http://cwasteson.skolbloggen.se/wp-includes/js/comment-reply.min.js?ver=ba1af84a589c99f85e42f8364aff6812,200,application/javascript,https://web.archive.org/web/20170125225014/http://cwasteson.skolbloggen.se/wp-includes/js/comment-reply.min.js?ver=ba1af84a589c99f85e42f8364aff6812
best_capture_lookup,20180604163544,https://cwasteson.skolbloggen.se/wp-includes/js/wp-embed.min.js?ver=63a1754c5b1d2ffcae81f9988ee0db8c,200,application/javascript,https://web.archive.org/web/20180604163544/https://cwasteson.skolbloggen.se/wp-includes/js/wp-embed.min.js?ver=63a1754c5b1d2ffcae81f9988ee0db8c
best_capture_lookup,20170201020612,http://cwasteson.skolbloggen.se/wp-includes/js/wp-embed.min.js?ver=ba1af84a589c99f85e42f8364aff6812,200,application/javascript,https://web.archive.org/web/20170201020612/http://cwasteson.skolbloggen.se/wp-includes/js/wp-embed.min.js?ver=ba1af84a589c99f85e42f8364aff6812
best_capture_lookup,20100817215234,http://cwasteson.skolbloggen.se/wp-load.php,200,text/html,https://web.archive.org/web/20100817215234/http://cwasteson.skolbloggen.se/wp-load.php
best_capture_lookup,20190131190852,https://cwasteson.skolbloggen.se/skolbloggen-logo.png,200,image/png,https://web.archive.org/web/20190131190852/https://cwasteson.skolbloggen.se/skolbloggen-logo.png
best_capture_lookup,20190203135327,https://cwasteson.skolbloggen.se/wrench.png,200,text/html,https://web.archive.org/web/20190203135327/https://cwasteson.skolbloggen.se/wrench.png
