normalized_url,kind,first_timestamp,last_timestamp,capture_count,best_timestamp,best_original,best_statuscode,best_mimetype,best_wayback_url
http://smeste09.skolbloggen.se/,homepage,20110511002755,20181114202146,4,20171201033147,http://smeste09.skolbloggen.se:80/,200,text/html,https://web.archive.org/web/20171201033147/http://smeste09.skolbloggen.se:80/
http://smeste09.skolbloggen.se/2011/01/09/kom-igang-med-skolbloggen-se/,post_like,20110511204114,20110511204114,1,20110511204114,http://smeste09.skolbloggen.se:80/2011/01/09/kom-igang-med-skolbloggen-se/,200,text/html,https://web.archive.org/web/20110511204114/http://smeste09.skolbloggen.se:80/2011/01/09/kom-igang-med-skolbloggen-se/
http://smeste09.skolbloggen.se/2011/01/11/sprakvetenskap/,post_like,20110511054230,20110511054230,1,20110511054230,http://smeste09.skolbloggen.se:80/2011/01/11/sprakvetenskap/,200,text/html,https://web.archive.org/web/20110511054230/http://smeste09.skolbloggen.se:80/2011/01/11/sprakvetenskap/
http://smeste09.skolbloggen.se/2011/01/13/andra-installningar-pa-skolbloggen/,post_like,20110513042936,20110513042936,1,20110513042936,http://smeste09.skolbloggen.se:80/2011/01/13/andra-installningar-pa-skolbloggen/,200,text/html,https://web.archive.org/web/20110513042936/http://smeste09.skolbloggen.se:80/2011/01/13/andra-installningar-pa-skolbloggen/
http://smeste09.skolbloggen.se/2011/01/13/andra-utseende-pa-skolbloggen/,post_like,20110513042938,20110513042938,1,20110513042938,http://smeste09.skolbloggen.se:80/2011/01/13/andra-utseende-pa-skolbloggen/,200,text/html,https://web.archive.org/web/20110513042938/http://smeste09.skolbloggen.se:80/2011/01/13/andra-utseende-pa-skolbloggen/
http://smeste09.skolbloggen.se/2011/01/13/hur-du-skapar-inlagg-i-bloggen/,post_like,20110511054052,20110511054052,1,20110511054052,http://smeste09.skolbloggen.se:80/2011/01/13/hur-du-skapar-inlagg-i-bloggen/,200,text/html,https://web.archive.org/web/20110511054052/http://smeste09.skolbloggen.se:80/2011/01/13/hur-du-skapar-inlagg-i-bloggen/
http://smeste09.skolbloggen.se/2011/01/14/lagga-till-anvandare-pa-skolbloggen/,post_like,20110513042943,20110513042943,1,20110513042943,http://smeste09.skolbloggen.se:80/2011/01/14/lagga-till-anvandare-pa-skolbloggen/,200,text/html,https://web.archive.org/web/20110513042943/http://smeste09.skolbloggen.se:80/2011/01/14/lagga-till-anvandare-pa-skolbloggen/
http://smeste09.skolbloggen.se/2011/01/14/presentera-dig-sjalv-pa-sidan-om/,post_like,20110513042948,20110513042948,1,20110513042948,http://smeste09.skolbloggen.se:80/2011/01/14/presentera-dig-sjalv-pa-sidan-om/,200,text/html,https://web.archive.org/web/20110513042948/http://smeste09.skolbloggen.se:80/2011/01/14/presentera-dig-sjalv-pa-sidan-om/
http://smeste09.skolbloggen.se/2011/01/16/forsta-inlagget-dina-forvantningar-och-behov-pa-kursen/,post_like,20110513042953,20110513042953,1,20110513042953,http://smeste09.skolbloggen.se:80/2011/01/16/forsta-inlagget-dina-forvantningar-och-behov-pa-kursen/,200,text/html,https://web.archive.org/web/20110513042953/http://smeste09.skolbloggen.se:80/2011/01/16/forsta-inlagget-dina-forvantningar-och-behov-pa-kursen/
http://smeste09.skolbloggen.se/2011/01/19/tema-sprakvetenskap-steg-1/,post_like,20110513042959,20110513042959,1,20110513042959,http://smeste09.skolbloggen.se:80/2011/01/19/tema-sprakvetenskap-steg-1/,200,text/html,https://web.archive.org/web/20110513042959/http://smeste09.skolbloggen.se:80/2011/01/19/tema-sprakvetenskap-steg-1/
http://smeste09.skolbloggen.se/2011/01/20/tema-sprakvetenskap-steg-2/,post_like,20110513043003,20110513043003,1,20110513043003,http://smeste09.skolbloggen.se:80/2011/01/20/tema-sprakvetenskap-steg-2/,200,text/html,https://web.archive.org/web/20110513043003/http://smeste09.skolbloggen.se:80/2011/01/20/tema-sprakvetenskap-steg-2/
http://smeste09.skolbloggen.se/2011/02/08/teaterresa/,post_like,20110511202008,20110511202008,1,20110511202008,http://smeste09.skolbloggen.se:80/2011/02/08/teaterresa/,200,text/html,https://web.archive.org/web/20110511202008/http://smeste09.skolbloggen.se:80/2011/02/08/teaterresa/
http://smeste09.skolbloggen.se/2011/02/14/250/,post_like,20110511202012,20110511202012,1,20110511202012,http://smeste09.skolbloggen.se:80/2011/02/14/250/,200,text/html,https://web.archive.org/web/20110511202012/http://smeste09.skolbloggen.se:80/2011/02/14/250/
http://smeste09.skolbloggen.se/2011/02/28/tavlingar/,post_like,20110511202436,20110511202436,1,20110511202436,http://smeste09.skolbloggen.se:80/2011/02/28/tavlingar/,200,text/html,https://web.archive.org/web/20110511202436/http://smeste09.skolbloggen.se:80/2011/02/28/tavlingar/
http://smeste09.skolbloggen.se/2011/03/05/referat/,post_like,20110511204118,20180227190843,4,20180227190843,http://smeste09.skolbloggen.se:80/2011/03/05/referat/,200,text/html,https://web.archive.org/web/20180227190843/http://smeste09.skolbloggen.se:80/2011/03/05/referat/
http://smeste09.skolbloggen.se/2011/03/14/nagra-skrivrad/,post_like,20110511054057,20110511054057,1,20110511054057,http://smeste09.skolbloggen.se:80/2011/03/14/nagra-skrivrad/,200,text/html,https://web.archive.org/web/20110511054057/http://smeste09.skolbloggen.se:80/2011/03/14/nagra-skrivrad/
http://smeste09.skolbloggen.se/2011/03/21/litteraturvetenskap-nagra-viktiga-begrepp-verk-och-personer/,post_like,20110511002840,20110511002840,1,20110511002840,http://smeste09.skolbloggen.se:80/2011/03/21/litteraturvetenskap-nagra-viktiga-begrepp-verk-och-personer/,200,text/html,https://web.archive.org/web/20110511002840/http://smeste09.skolbloggen.se:80/2011/03/21/litteraturvetenskap-nagra-viktiga-begrepp-verk-och-personer/
http://smeste09.skolbloggen.se/2011/03/24/skrivuppgift/,post_like,20110511032209,20110511032209,1,20110511032209,http://smeste09.skolbloggen.se:80/2011/03/24/skrivuppgift/,200,text/html,https://web.archive.org/web/20110511032209/http://smeste09.skolbloggen.se:80/2011/03/24/skrivuppgift/
http://smeste09.skolbloggen.se/2011/03/31/att-ge-och-fa-skriftlig-respons/,post_like,20110511032341,20110511032341,1,20110511032341,http://smeste09.skolbloggen.se:80/2011/03/31/att-ge-och-fa-skriftlig-respons/,200,text/html,https://web.archive.org/web/20110511032341/http://smeste09.skolbloggen.se:80/2011/03/31/att-ge-och-fa-skriftlig-respons/
http://smeste09.skolbloggen.se/2011/03/31/skriv-om-natmobbing/,post_like,20110511032213,20110511032213,1,20110511032213,http://smeste09.skolbloggen.se:80/2011/03/31/skriv-om-natmobbing/,200,text/html,https://web.archive.org/web/20110511032213/http://smeste09.skolbloggen.se:80/2011/03/31/skriv-om-natmobbing/
http://smeste09.skolbloggen.se/2011/04/13/pasklov-och-sedan/,post_like,20110511011535,20110511011535,1,20110511011535,http://smeste09.skolbloggen.se:80/2011/04/13/pasklov-och-sedan/,200,text/html,https://web.archive.org/web/20110511011535/http://smeste09.skolbloggen.se:80/2011/04/13/pasklov-och-sedan/
http://smeste09.skolbloggen.se/2011/04/14/tips-kring-er-text-med-bade-referat-och-egna-asikter/,post_like,20110511011544,20110511011544,1,20110511011544,http://smeste09.skolbloggen.se:80/2011/04/14/tips-kring-er-text-med-bade-referat-och-egna-asikter/,200,text/html,https://web.archive.org/web/20110511011544/http://smeste09.skolbloggen.se:80/2011/04/14/tips-kring-er-text-med-bade-referat-och-egna-asikter/
http://smeste09.skolbloggen.se/2011/04/26/folj-argumentationen-las-och-kommentera/,post_like,20110511011603,20110511011603,1,20110511011603,http://smeste09.skolbloggen.se:80/2011/04/26/folj-argumentationen-las-och-kommentera/,200,text/html,https://web.archive.org/web/20110511011603/http://smeste09.skolbloggen.se:80/2011/04/26/folj-argumentationen-las-och-kommentera/
http://smeste09.skolbloggen.se/2011/04/28/shakespeare/,post_like,20110511032218,20110511032218,1,20110511032218,http://smeste09.skolbloggen.se:80/2011/04/28/shakespeare/,200,text/html,https://web.archive.org/web/20110511032218/http://smeste09.skolbloggen.se:80/2011/04/28/shakespeare/
http://smeste09.skolbloggen.se/2011/05/03/franskklassicismen-och-moliere,post_like,20110510015235,20110825095027,2,20110825095027,http://smeste09.skolbloggen.se:80/2011/05/03/franskklassicismen-och-moliere,301,text/html,https://web.archive.org/web/20110825095027/http://smeste09.skolbloggen.se:80/2011/05/03/franskklassicismen-och-moliere
http://smeste09.skolbloggen.se/2011/05/03/franskklassicismen-och-moliere/,post_like,20110510015235,20110825095027,3,20110825095027,http://smeste09.skolbloggen.se:80/2011/05/03/franskklassicismen-och-moliere/,200,text/html,https://web.archive.org/web/20110825095027/http://smeste09.skolbloggen.se:80/2011/05/03/franskklassicismen-och-moliere/
http://smeste09.skolbloggen.se/2011/05/03/franskklassicismen-och-moliere/feed/,feed,20110511204121,20110511204121,1,20110511204121,http://smeste09.skolbloggen.se:80/2011/05/03/franskklassicismen-och-moliere/feed/,200,text/xml,https://web.archive.org/web/20110511204121/http://smeste09.skolbloggen.se:80/2011/05/03/franskklassicismen-och-moliere/feed/
http://smeste09.skolbloggen.se/2011/05/05/ljuv-lasning/,post_like,20110511054302,20110511054302,1,20110511054302,http://smeste09.skolbloggen.se:80/2011/05/05/ljuv-lasning/,200,text/html,https://web.archive.org/web/20110511054302/http://smeste09.skolbloggen.se:80/2011/05/05/ljuv-lasning/
http://smeste09.skolbloggen.se/2011/09/22/argumentera-mera/,post_like,20111025072209,20160428011752,2,20160428011752,http://smeste09.skolbloggen.se:80/2011/09/22/argumentera-mera/,200,text/html,https://web.archive.org/web/20160428011752/http://smeste09.skolbloggen.se:80/2011/09/22/argumentera-mera/
http://smeste09.skolbloggen.se/category/argumentation/,category,20110511204128,20110511204128,1,20110511204128,http://smeste09.skolbloggen.se:80/category/argumentation/,200,text/html,https://web.archive.org/web/20110511204128/http://smeste09.skolbloggen.se:80/category/argumentation/
http://smeste09.skolbloggen.se/category/att-skriva/,category,20110511204133,20110511204133,1,20110511204133,http://smeste09.skolbloggen.se:80/category/att-skriva/,200,text/html,https://web.archive.org/web/20110511204133/http://smeste09.skolbloggen.se:80/category/att-skriva/
http://smeste09.skolbloggen.se/category/bild/,category,20110511204138,20110511204138,1,20110511204138,http://smeste09.skolbloggen.se:80/category/bild/,200,text/html,https://web.archive.org/web/20110511204138/http://smeste09.skolbloggen.se:80/category/bild/
http://smeste09.skolbloggen.se/category/introduktion/,category,20110511202442,20110511202442,1,20110511202442,http://smeste09.skolbloggen.se:80/category/introduktion/,200,text/html,https://web.archive.org/web/20110511202442/http://smeste09.skolbloggen.se:80/category/introduktion/
http://smeste09.skolbloggen.se/category/litteraturvetenskap/,category,20110511204143,20110511204143,1,20110511204143,http://smeste09.skolbloggen.se:80/category/litteraturvetenskap/,200,text/html,https://web.archive.org/web/20110511204143/http://smeste09.skolbloggen.se:80/category/litteraturvetenskap/
http://smeste09.skolbloggen.se/category/okategoriserade/,category,20110511054101,20110511054101,1,20110511054101,http://smeste09.skolbloggen.se:80/category/okategoriserade/,200,text/html,https://web.archive.org/web/20110511054101/http://smeste09.skolbloggen.se:80/category/okategoriserade/
http://smeste09.skolbloggen.se/category/referat/,category,20110511204151,20110511204151,1,20110511204151,http://smeste09.skolbloggen.se:80/category/referat/,200,text/html,https://web.archive.org/web/20110511204151/http://smeste09.skolbloggen.se:80/category/referat/
http://smeste09.skolbloggen.se/category/respons/,category,20110511204154,20110511204154,1,20110511204154,http://smeste09.skolbloggen.se:80/category/respons/,200,text/html,https://web.archive.org/web/20110511204154/http://smeste09.skolbloggen.se:80/category/respons/
http://smeste09.skolbloggen.se/category/sprakvetenskap/,category,20110511203447,20110511203447,1,20110511203447,http://smeste09.skolbloggen.se:80/category/sprakvetenskap/,200,text/html,https://web.archive.org/web/20110511203447/http://smeste09.skolbloggen.se:80/category/sprakvetenskap/
http://smeste09.skolbloggen.se/category/tavlingar/,category,20110511204159,20110511204159,1,20110511204159,http://smeste09.skolbloggen.se:80/category/tavlingar/,200,text/html,https://web.archive.org/web/20110511204159/http://smeste09.skolbloggen.se:80/category/tavlingar/
http://smeste09.skolbloggen.se/category/teater/,category,20110511202017,20110511202017,1,20110511202017,http://smeste09.skolbloggen.se:80/category/teater/,200,text/html,https://web.archive.org/web/20110511202017/http://smeste09.skolbloggen.se:80/category/teater/
http://smeste09.skolbloggen.se/category/uppgifter/,category,20110511203452,20110511203452,1,20110511203452,http://smeste09.skolbloggen.se:80/category/uppgifter/,200,text/html,https://web.archive.org/web/20110511203452/http://smeste09.skolbloggen.se:80/category/uppgifter/
http://smeste09.skolbloggen.se/comments/feed/,feed,20110511202445,20110511202445,1,20110511202445,http://smeste09.skolbloggen.se:80/comments/feed/,200,text/xml,https://web.archive.org/web/20110511202445/http://smeste09.skolbloggen.se:80/comments/feed/
http://smeste09.skolbloggen.se/favicon.ico,media,20181201091841,20181201091841,1,20181201091841,http://smeste09.skolbloggen.se/favicon.ico,301,text/html,https://web.archive.org/web/20181201091841/http://smeste09.skolbloggen.se/favicon.ico
http://smeste09.skolbloggen.se/feed/,feed,20110511032222,20110511032222,1,20110511032222,http://smeste09.skolbloggen.se:80/feed/,200,text/xml,https://web.archive.org/web/20110511032222/http://smeste09.skolbloggen.se:80/feed/
http://smeste09.skolbloggen.se/feed/atom/,feed,20110511203456,20110511203456,1,20110511203456,http://smeste09.skolbloggen.se:80/feed/atom/,200,application/atom+xml,https://web.archive.org/web/20110511203456/http://smeste09.skolbloggen.se:80/feed/atom/
http://smeste09.skolbloggen.se/feed/rss/,feed,20110511202450,20110511202450,1,20110511202450,http://smeste09.skolbloggen.se:80/feed/rss/,200,text/xml,https://web.archive.org/web/20110511202450/http://smeste09.skolbloggen.se:80/feed/rss/
http://smeste09.skolbloggen.se/om-cwn/,other,20110511204204,20110511204204,1,20110511204204,http://smeste09.skolbloggen.se:80/om-cwn/,200,text/html,https://web.archive.org/web/20110511204204/http://smeste09.skolbloggen.se:80/om-cwn/
http://smeste09.skolbloggen.se/om/,other,20110511054107,20110511054107,1,20110511054107,http://smeste09.skolbloggen.se:80/om/,200,text/html,https://web.archive.org/web/20110511054107/http://smeste09.skolbloggen.se:80/om/
http://smeste09.skolbloggen.se/robots.txt,other,20130701151339,20181201091837,7,20131016064108,http://smeste09.skolbloggen.se/robots.txt,200,text/plain,https://web.archive.org/web/20131016064108/http://smeste09.skolbloggen.se/robots.txt
http://smeste09.skolbloggen.se/skicka-till-urkund/,other,20110511054112,20110511054112,1,20110511054112,http://smeste09.skolbloggen.se:80/skicka-till-urkund/,200,text/html,https://web.archive.org/web/20110511054112/http://smeste09.skolbloggen.se:80/skicka-till-urkund/
http://smeste09.skolbloggen.se/tag/att-skriva-2/,tag,20110511202022,20110511202022,1,20110511202022,http://smeste09.skolbloggen.se:80/tag/att-skriva-2/,200,text/html,https://web.archive.org/web/20110511202022/http://smeste09.skolbloggen.se:80/tag/att-skriva-2/
http://smeste09.skolbloggen.se/tag/bild-2/,tag,20110511202456,20110511202456,1,20110511202456,http://smeste09.skolbloggen.se:80/tag/bild-2/,200,text/html,https://web.archive.org/web/20110511202456/http://smeste09.skolbloggen.se:80/tag/bild-2/
http://smeste09.skolbloggen.se/tag/blogg/,tag,20110511204209,20110511204209,1,20110511204209,http://smeste09.skolbloggen.se:80/tag/blogg/,200,text/html,https://web.archive.org/web/20110511204209/http://smeste09.skolbloggen.se:80/tag/blogg/
http://smeste09.skolbloggen.se/tag/citat/,tag,20110511203502,20110511203502,1,20110511203502,http://smeste09.skolbloggen.se:80/tag/citat/,200,text/html,https://web.archive.org/web/20110511203502/http://smeste09.skolbloggen.se:80/tag/citat/
http://smeste09.skolbloggen.se/tag/creative-commons/,tag,20110511202027,20110511202027,1,20110511202027,http://smeste09.skolbloggen.se:80/tag/creative-commons/,200,text/html,https://web.archive.org/web/20110511202027/http://smeste09.skolbloggen.se:80/tag/creative-commons/
http://smeste09.skolbloggen.se/tag/diskussion/,tag,20110511204216,20110511204216,1,20110511204216,http://smeste09.skolbloggen.se:80/tag/diskussion/,200,text/html,https://web.archive.org/web/20110511204216/http://smeste09.skolbloggen.se:80/tag/diskussion/
http://smeste09.skolbloggen.se/tag/drama/,tag,20110511203507,20110511203507,1,20110511203507,http://smeste09.skolbloggen.se:80/tag/drama/,200,text/html,https://web.archive.org/web/20110511203507/http://smeste09.skolbloggen.se:80/tag/drama/
http://smeste09.skolbloggen.se/tag/ethos/,tag,20110511202032,20110511202032,1,20110511202032,http://smeste09.skolbloggen.se:80/tag/ethos/,200,text/html,https://web.archive.org/web/20110511202032/http://smeste09.skolbloggen.se:80/tag/ethos/
http://smeste09.skolbloggen.se/tag/flickr/,tag,20110511204220,20110511204220,1,20110511204220,http://smeste09.skolbloggen.se:80/tag/flickr/,200,text/html,https://web.archive.org/web/20110511204220/http://smeste09.skolbloggen.se:80/tag/flickr/
http://smeste09.skolbloggen.se/tag/introduktion-2/,tag,20110511202037,20110511202037,1,20110511202037,http://smeste09.skolbloggen.se:80/tag/introduktion-2/,200,text/html,https://web.archive.org/web/20110511202037/http://smeste09.skolbloggen.se:80/tag/introduktion-2/
http://smeste09.skolbloggen.se/tag/kallhanvisning/,tag,20110511202504,20110511202504,1,20110511202504,http://smeste09.skolbloggen.se:80/tag/kallhanvisning/,200,text/html,https://web.archive.org/web/20110511202504/http://smeste09.skolbloggen.se:80/tag/kallhanvisning/
http://smeste09.skolbloggen.se/tag/kontrollfragor/,tag,20110511202508,20110511202508,1,20110511202508,http://smeste09.skolbloggen.se:80/tag/kontrollfragor/,200,text/html,https://web.archive.org/web/20110511202508/http://smeste09.skolbloggen.se:80/tag/kontrollfragor/
http://smeste09.skolbloggen.se/tag/kursblogg/,tag,20110511202042,20110511202042,1,20110511202042,http://smeste09.skolbloggen.se:80/tag/kursblogg/,200,text/html,https://web.archive.org/web/20110511202042/http://smeste09.skolbloggen.se:80/tag/kursblogg/
http://smeste09.skolbloggen.se/tag/litteraturvetenskap-2/,tag,20110511204225,20110511204225,1,20110511204225,http://smeste09.skolbloggen.se:80/tag/litteraturvetenskap-2/,200,text/html,https://web.archive.org/web/20110511204225/http://smeste09.skolbloggen.se:80/tag/litteraturvetenskap-2/
http://smeste09.skolbloggen.se/tag/logos/,tag,20110511204230,20110511204230,1,20110511204230,http://smeste09.skolbloggen.se:80/tag/logos/,200,text/html,https://web.archive.org/web/20110511204230/http://smeste09.skolbloggen.se:80/tag/logos/
http://smeste09.skolbloggen.se/tag/ne/,tag,20110511204235,20110511204235,1,20110511204235,http://smeste09.skolbloggen.se:80/tag/ne/,200,text/html,https://web.archive.org/web/20110511204235/http://smeste09.skolbloggen.se:80/tag/ne/
http://smeste09.skolbloggen.se/tag/ovning/,tag,20110511202047,20110511202047,1,20110511202047,http://smeste09.skolbloggen.se:80/tag/ovning/,200,text/html,https://web.archive.org/web/20110511202047/http://smeste09.skolbloggen.se:80/tag/ovning/
http://smeste09.skolbloggen.se/tag/pathos/,tag,20110511203512,20110511203512,1,20110511203512,http://smeste09.skolbloggen.se:80/tag/pathos/,200,text/html,https://web.archive.org/web/20110511203512/http://smeste09.skolbloggen.se:80/tag/pathos/
http://smeste09.skolbloggen.se/tag/renassans/,tag,20110511204240,20110511204240,1,20110511204240,http://smeste09.skolbloggen.se:80/tag/renassans/,200,text/html,https://web.archive.org/web/20110511204240/http://smeste09.skolbloggen.se:80/tag/renassans/
http://smeste09.skolbloggen.se/tag/respons-2/,tag,20110511202052,20110511202052,1,20110511202052,http://smeste09.skolbloggen.se:80/tag/respons-2/,200,text/html,https://web.archive.org/web/20110511202052/http://smeste09.skolbloggen.se:80/tag/respons-2/
http://smeste09.skolbloggen.se/tag/salla/,tag,20110511202512,20110511202512,1,20110511202512,http://smeste09.skolbloggen.se:80/tag/salla/,200,text/html,https://web.archive.org/web/20110511202512/http://smeste09.skolbloggen.se:80/tag/salla/
http://smeste09.skolbloggen.se/tag/samla/,tag,20110511203517,20110511203517,1,20110511203517,http://smeste09.skolbloggen.se:80/tag/samla/,200,text/html,https://web.archive.org/web/20110511203517/http://smeste09.skolbloggen.se:80/tag/samla/
http://smeste09.skolbloggen.se/tag/sammanstalla/,tag,20110511202517,20110511202517,1,20110511202517,http://smeste09.skolbloggen.se:80/tag/sammanstalla/,200,text/html,https://web.archive.org/web/20110511202517/http://smeste09.skolbloggen.se:80/tag/sammanstalla/
http://smeste09.skolbloggen.se/tag/satsradning/,tag,20110511203523,20110511203523,1,20110511203523,http://smeste09.skolbloggen.se:80/tag/satsradning/,200,text/html,https://web.archive.org/web/20110511203523/http://smeste09.skolbloggen.se:80/tag/satsradning/
http://smeste09.skolbloggen.se/tag/shakespeare/,tag,20110511202522,20110511202522,1,20110511202522,http://smeste09.skolbloggen.se:80/tag/shakespeare/,200,text/html,https://web.archive.org/web/20110511202522/http://smeste09.skolbloggen.se:80/tag/shakespeare/
http://smeste09.skolbloggen.se/tag/skolbloggen/,tag,20110511203528,20110511203528,1,20110511203528,http://smeste09.skolbloggen.se:80/tag/skolbloggen/,200,text/html,https://web.archive.org/web/20110511203528/http://smeste09.skolbloggen.se:80/tag/skolbloggen/
http://smeste09.skolbloggen.se/tag/skrivrad/,tag,20110511203533,20110511203533,1,20110511203533,http://smeste09.skolbloggen.se:80/tag/skrivrad/,200,text/html,https://web.archive.org/web/20110511203533/http://smeste09.skolbloggen.se:80/tag/skrivrad/
http://smeste09.skolbloggen.se/tag/sprakvetenskap-2/,tag,20110511203538,20110511203538,1,20110511203538,http://smeste09.skolbloggen.se:80/tag/sprakvetenskap-2/,200,text/html,https://web.archive.org/web/20110511203538/http://smeste09.skolbloggen.se:80/tag/sprakvetenskap-2/
http://smeste09.skolbloggen.se/tag/styckemarkering/,tag,20110511202057,20110511202057,1,20110511202057,http://smeste09.skolbloggen.se:80/tag/styckemarkering/,200,text/html,https://web.archive.org/web/20110511202057/http://smeste09.skolbloggen.se:80/tag/styckemarkering/
http://smeste09.skolbloggen.se/tag/teater-2/,tag,20110511202102,20110511202102,1,20110511202102,http://smeste09.skolbloggen.se:80/tag/teater-2/,200,text/html,https://web.archive.org/web/20110511202102/http://smeste09.skolbloggen.se:80/tag/teater-2/
http://smeste09.skolbloggen.se/tag/tema/,tag,20110511202107,20110511202107,1,20110511202107,http://smeste09.skolbloggen.se:80/tag/tema/,200,text/html,https://web.archive.org/web/20110511202107/http://smeste09.skolbloggen.se:80/tag/tema/
http://smeste09.skolbloggen.se/tag/uppslagsverk/,tag,20110511203543,20110511203543,1,20110511203543,http://smeste09.skolbloggen.se:80/tag/uppslagsverk/,200,text/html,https://web.archive.org/web/20110511203543/http://smeste09.skolbloggen.se:80/tag/uppslagsverk/
http://smeste09.skolbloggen.se/tag/widget/,tag,20110511204245,20110511204245,1,20110511204245,http://smeste09.skolbloggen.se:80/tag/widget/,200,text/html,https://web.archive.org/web/20110511204245/http://smeste09.skolbloggen.se:80/tag/widget/
http://smeste09.skolbloggen.se/tag/wikimedia-commons/,tag,20110511204251,20110511204251,1,20110511204251,http://smeste09.skolbloggen.se:80/tag/wikimedia-commons/,200,text/html,https://web.archive.org/web/20110511204251/http://smeste09.skolbloggen.se:80/tag/wikimedia-commons/
http://smeste09.skolbloggen.se/uppgifter/,other,20110511054117,20110511054117,1,20110511054117,http://smeste09.skolbloggen.se:80/uppgifter/,200,text/html,https://web.archive.org/web/20110511054117/http://smeste09.skolbloggen.se:80/uppgifter/
http://smeste09.skolbloggen.se/veckoplanering-vt-2011,other,20110510005241,20110825093820,3,20110825093820,http://smeste09.skolbloggen.se:80/veckoplanering-vt-2011,301,text/html,https://web.archive.org/web/20110825093820/http://smeste09.skolbloggen.se:80/veckoplanering-vt-2011
http://smeste09.skolbloggen.se/veckoplanering-vt-2011/,other,20110510005241,20110825093820,4,20110825093820,http://smeste09.skolbloggen.se:80/veckoplanering-vt-2011/,200,text/html,https://web.archive.org/web/20110825093820/http://smeste09.skolbloggen.se:80/veckoplanering-vt-2011/
http://smeste09.skolbloggen.se/veckoplanering-vt-2011/feed/,feed,20110513043007,20110513043007,1,20110513043007,http://smeste09.skolbloggen.se:80/veckoplanering-vt-2011/feed/,200,text/xml,https://web.archive.org/web/20110513043007/http://smeste09.skolbloggen.se:80/veckoplanering-vt-2011/feed/
http://smeste09.skolbloggen.se/wp-comments-post.php,other,20110511202110,20110511202110,1,20110511202110,http://smeste09.skolbloggen.se:80/wp-comments-post.php,405,text/plain,https://web.archive.org/web/20110511202110/http://smeste09.skolbloggen.se:80/wp-comments-post.php
http://smeste09.skolbloggen.se/wp-content/mu-plugins/anarchy_media/anarchy_media_player.php?anarchy.js,other,20110511202116,20110511202116,1,20110511202116,http://smeste09.skolbloggen.se:80/wp-content/mu-plugins/anarchy_media/anarchy_media_player.php?anarchy.js,200,text/javascript,https://web.archive.org/web/20110511202116/http://smeste09.skolbloggen.se:80/wp-content/mu-plugins/anarchy_media/anarchy_media_player.php?anarchy.js
http://smeste09.skolbloggen.se/wp-includes/wlwmanifest.xml,other,20110511204253,20110511204253,1,20110511204253,http://smeste09.skolbloggen.se:80/wp-includes/wlwmanifest.xml,200,application/xml,https://web.archive.org/web/20110511204253/http://smeste09.skolbloggen.se:80/wp-includes/wlwmanifest.xml
http://smeste09.skolbloggen.se/wp-load.php,other,20110511203850,20110511203850,1,20110511203850,http://smeste09.skolbloggen.se:80/wp-load.php,200,text/html,https://web.archive.org/web/20110511203850/http://smeste09.skolbloggen.se:80/wp-load.php
http://smeste09.skolbloggen.se/wp-login.php,other,20110511202121,20110923082836,2,20110923082836,http://smeste09.skolbloggen.se:80/wp-login.php,200,text/html,https://web.archive.org/web/20110923082836/http://smeste09.skolbloggen.se:80/wp-login.php
http://smeste09.skolbloggen.se/wp-login.php?action=register,other,20110511202527,20110511202527,1,20110511202527,http://smeste09.skolbloggen.se:80/wp-login.php?action=register,302,text/html,https://web.archive.org/web/20110511202527/http://smeste09.skolbloggen.se:80/wp-login.php?action=register
http://smeste09.skolbloggen.se/xmlrpc.php,other,20110511202129,20110511202129,1,20110511202129,http://smeste09.skolbloggen.se:80/xmlrpc.php,200,text/plain,https://web.archive.org/web/20110511202129/http://smeste09.skolbloggen.se:80/xmlrpc.php
http://smeste09.skolbloggen.se/xmlrpc.php?rsd,other,20110511202131,20110511202131,1,20110511202131,http://smeste09.skolbloggen.se:80/xmlrpc.php?rsd,200,text/xml,https://web.archive.org/web/20110511202131/http://smeste09.skolbloggen.se:80/xmlrpc.php?rsd
https://smeste09.skolbloggen.se/,homepage,20181204070754,20181204070754,1,20181204070754,https://smeste09.skolbloggen.se/,200,text/html,https://web.archive.org/web/20181204070754/https://smeste09.skolbloggen.se/
https://smeste09.skolbloggen.se/favicon.ico,media,20181201035603,20181201035603,1,20181201035603,https://smeste09.skolbloggen.se/favicon.ico,200,image/vnd.microsoft.icon,https://web.archive.org/web/20181201035603/https://smeste09.skolbloggen.se/favicon.ico
https://smeste09.skolbloggen.se/feed/,feed,20190103104841,20190103104841,1,20190103104841,https://smeste09.skolbloggen.se/feed/,200,application/rss+xml,https://web.archive.org/web/20190103104841/https://smeste09.skolbloggen.se/feed/
https://smeste09.skolbloggen.se/feed/atom/,feed,20181229105605,20181229105605,1,20181229105605,https://smeste09.skolbloggen.se/feed/atom/,200,application/atom+xml,https://web.archive.org/web/20181229105605/https://smeste09.skolbloggen.se/feed/atom/
https://smeste09.skolbloggen.se/feed/rss/,feed,20181229024349,20181229024349,1,20181229024349,https://smeste09.skolbloggen.se/feed/rss/,301,application/rss+xml,https://web.archive.org/web/20181229024349/https://smeste09.skolbloggen.se/feed/rss/
https://smeste09.skolbloggen.se/robots.txt,other,20181114202141,20190129014828,23,20190121110023,https://smeste09.skolbloggen.se/robots.txt,200,text/html,https://web.archive.org/web/20190121110023/https://smeste09.skolbloggen.se/robots.txt
https://smeste09.skolbloggen.se/wp-content/plugins/admin-bar-login/admin-bar-login.css?ver=1.0.1,other,20181228095913,20181228095913,1,20181228095913,https://smeste09.skolbloggen.se/wp-content/plugins/admin-bar-login/admin-bar-login.css?ver=1.0.1,200,text/css,https://web.archive.org/web/20181228095913/https://smeste09.skolbloggen.se/wp-content/plugins/admin-bar-login/admin-bar-login.css?ver=1.0.1
https://smeste09.skolbloggen.se/wp-content/themes/almost-spring/favicon.ico,media,20190101230012,20190101230012,1,20190101230012,https://smeste09.skolbloggen.se/wp-content/themes/almost-spring/favicon.ico,404,text/html,https://web.archive.org/web/20190101230012/https://smeste09.skolbloggen.se/wp-content/themes/almost-spring/favicon.ico
https://smeste09.skolbloggen.se/wp-content/themes/almost-spring/images/arrow.gif,media,20190126084925,20190126084925,1,20190126084925,https://smeste09.skolbloggen.se/wp-content/themes/almost-spring/images/arrow.gif,200,text/html,https://web.archive.org/web/20190126084925/https://smeste09.skolbloggen.se/wp-content/themes/almost-spring/images/arrow.gif
https://smeste09.skolbloggen.se/wp-content/themes/almost-spring/images/bg.gif,media,20190121110028,20190121110028,1,20190121110028,https://smeste09.skolbloggen.se/wp-content/themes/almost-spring/images/bg.gif,200,text/html,https://web.archive.org/web/20190121110028/https://smeste09.skolbloggen.se/wp-content/themes/almost-spring/images/bg.gif
https://smeste09.skolbloggen.se/wp-content/themes/almost-spring/images/commentslink.gif,media,20190126193608,20190126193608,1,20190126193608,https://smeste09.skolbloggen.se/wp-content/themes/almost-spring/images/commentslink.gif,200,text/html,https://web.archive.org/web/20190126193608/https://smeste09.skolbloggen.se/wp-content/themes/almost-spring/images/commentslink.gif
https://smeste09.skolbloggen.se/wp-content/themes/almost-spring/images/permalink.gif,media,20190126220201,20190126220201,1,20190126220201,https://smeste09.skolbloggen.se/wp-content/themes/almost-spring/images/permalink.gif,200,text/html,https://web.archive.org/web/20190126220201/https://smeste09.skolbloggen.se/wp-content/themes/almost-spring/images/permalink.gif
https://smeste09.skolbloggen.se/wp-content/themes/almost-spring/images/postmeta.gif,media,20190124042755,20190124042755,1,20190124042755,https://smeste09.skolbloggen.se/wp-content/themes/almost-spring/images/postmeta.gif,200,text/html,https://web.archive.org/web/20190124042755/https://smeste09.skolbloggen.se/wp-content/themes/almost-spring/images/postmeta.gif
https://smeste09.skolbloggen.se/wp-content/themes/almost-spring/images/posttitle.gif,media,20190129014833,20190129014833,1,20190129014833,https://smeste09.skolbloggen.se/wp-content/themes/almost-spring/images/posttitle.gif,200,text/html,https://web.archive.org/web/20190129014833/https://smeste09.skolbloggen.se/wp-content/themes/almost-spring/images/posttitle.gif
https://smeste09.skolbloggen.se/wp-content/themes/almost-spring/style.css,other,20181231131838,20181231131838,1,20181231131838,https://smeste09.skolbloggen.se/wp-content/themes/almost-spring/style.css,200,text/css,https://web.archive.org/web/20181231131838/https://smeste09.skolbloggen.se/wp-content/themes/almost-spring/style.css
https://smeste09.skolbloggen.se/wp-includes/css/admin-bar.min.css?ver=4.9.8,other,20190106124106,20190106124106,1,20190106124106,https://smeste09.skolbloggen.se/wp-includes/css/admin-bar.min.css?ver=4.9.8,200,text/css,https://web.archive.org/web/20190106124106/https://smeste09.skolbloggen.se/wp-includes/css/admin-bar.min.css?ver=4.9.8
https://smeste09.skolbloggen.se/wp-includes/css/dashicons.min.css?ver=4.9.8,other,20181230183447,20181230183447,1,20181230183447,https://smeste09.skolbloggen.se/wp-includes/css/dashicons.min.css?ver=4.9.8,200,text/css,https://web.archive.org/web/20181230183447/https://smeste09.skolbloggen.se/wp-includes/css/dashicons.min.css?ver=4.9.8
https://smeste09.skolbloggen.se/wp-includes/fonts/dashicons.eot,other,20190128230718,20190128230718,1,20190128230718,https://smeste09.skolbloggen.se/wp-includes/fonts/dashicons.eot,200,text/html,https://web.archive.org/web/20190128230718/https://smeste09.skolbloggen.se/wp-includes/fonts/dashicons.eot
https://smeste09.skolbloggen.se/wp-includes/fonts/dashicons.svg,media,20190122092041,20190122092041,1,20190122092041,https://smeste09.skolbloggen.se/wp-includes/fonts/dashicons.svg,200,text/html,https://web.archive.org/web/20190122092041/https://smeste09.skolbloggen.se/wp-includes/fonts/dashicons.svg
https://smeste09.skolbloggen.se/wp-includes/fonts/dashicons.ttf,other,20190125233323,20190125233323,1,20190125233323,https://smeste09.skolbloggen.se/wp-includes/fonts/dashicons.ttf,200,text/html,https://web.archive.org/web/20190125233323/https://smeste09.skolbloggen.se/wp-includes/fonts/dashicons.ttf
https://smeste09.skolbloggen.se/wp-includes/js/admin-bar.min.js?ver=4.9.8,other,20190104123000,20190104123000,1,20190104123000,https://smeste09.skolbloggen.se/wp-includes/js/admin-bar.min.js?ver=4.9.8,200,application/javascript,https://web.archive.org/web/20190104123000/https://smeste09.skolbloggen.se/wp-includes/js/admin-bar.min.js?ver=4.9.8
https://smeste09.skolbloggen.se/wp-includes/js/jquery/jquery-migrate.min.js?ver=1.4.1,other,20181227200354,20181227200354,1,20181227200354,https://smeste09.skolbloggen.se/wp-includes/js/jquery/jquery-migrate.min.js?ver=1.4.1,200,application/javascript,https://web.archive.org/web/20181227200354/https://smeste09.skolbloggen.se/wp-includes/js/jquery/jquery-migrate.min.js?ver=1.4.1
https://smeste09.skolbloggen.se/wp-includes/js/jquery/jquery.js?ver=1.12.4,other,20181228095918,20181228095918,1,20181228095918,https://smeste09.skolbloggen.se/wp-includes/js/jquery/jquery.js?ver=1.12.4,200,application/javascript,https://web.archive.org/web/20181228095918/https://smeste09.skolbloggen.se/wp-includes/js/jquery/jquery.js?ver=1.12.4
https://smeste09.skolbloggen.se/wp-includes/js/wp-embed.min.js?ver=4.9.8,other,20190102201618,20190102201618,1,20190102201618,https://smeste09.skolbloggen.se/wp-includes/js/wp-embed.min.js?ver=4.9.8,200,application/javascript,https://web.archive.org/web/20190102201618/https://smeste09.skolbloggen.se/wp-includes/js/wp-embed.min.js?ver=4.9.8
https://smeste09.skolbloggen.se/wp-includes/wlwmanifest.xml,other,20181230183444,20181230183444,1,20181230183444,https://smeste09.skolbloggen.se/wp-includes/wlwmanifest.xml,200,application/xml,https://web.archive.org/web/20181230183444/https://smeste09.skolbloggen.se/wp-includes/wlwmanifest.xml
https://smeste09.skolbloggen.se/wp-json/,other,20190106124111,20190106124111,1,20190106124111,https://smeste09.skolbloggen.se/wp-json/,404,text/html,https://web.archive.org/web/20190106124111/https://smeste09.skolbloggen.se/wp-json/
https://smeste09.skolbloggen.se/xmlrpc.php,other,20190101234534,20190101234534,1,20190101234534,https://smeste09.skolbloggen.se/xmlrpc.php,-,warc/revisit,https://web.archive.org/web/20190101234534/https://smeste09.skolbloggen.se/xmlrpc.php
https://smeste09.skolbloggen.se/xmlrpc.php?rsd,other,20190107094258,20190107094258,1,20190107094258,https://smeste09.skolbloggen.se/xmlrpc.php?rsd,200,text/xml,https://web.archive.org/web/20190107094258/https://smeste09.skolbloggen.se/xmlrpc.php?rsd
